Febest;0310035A50;0310-035A50 ШРУС HONDA CIVIC VI 1.4-1.6 95-01 нар. +ABS;1;1073,9;;25.12.2019;Москворечье
LPR;9550;09550 Колодки ст.торм.JEEP CHEROKEE 08-/WRANGLER 88-;1;1761,28;Б3-12;15.12.2022;Основной поставщик
Total;10950501;10950501 Масло моторное 5W40 TOTAL 4л синтетика QUARTZ 9000;1;2944,85;химия;08.11.2023;АвтоРусь
БелАвтоКомплект;BAK00012;20 НАСОС ЦИРКУЛЯЦИОННЫЙ 32.3780-01 12V D18 ОДИН П;1;1003;Б4-13;13.01.2023;"ООО ""Юрал"""
NK;201597;201597 Диск тормозной BMW 3 F30 задний вент.D 300мм.;2;4205,61;Б3-00;21.04.2022;Москворечье
Hans Pries;205498586;205 498 586 Втулка стабилизатора OPEL VECTRA 17мм зад.;2;119,64;БВ1-11;02.12.2022;Москворечье
Contitech;5PK1330;5PK1330 Ремень п/к 5PK1330;1;675,63;;16.05.2022;Москворечье
Fenox;BJ12007;BJ12007 Опора шаровая AUDI 80 92-96 нижн.прав.;1;900;C2-04;13.04.2022;Москворечье
Miles;GE09073;CЦEПЛEHИEKTБEЗПOДШИПHИKAOPELCORSACD101200EASYTR;1;5740;A5-0;10.08.2022;Москворечье
Miles;DB61098;DB61098 Рычаг MITSUBISHI ASX/LANCER/OUTLANDER 06- зад.подв.лев/прав.;2;1458;A4-06;22.03.2022;Москворечье
Fenox;LS22031;LS22031 Тяга стабилизатора MITSUBISHI PAJERO 90- зад.лев/прав.;1;380;C1-12;08.07.2022;Москворечье
Filtron;AM429;MB 811/813/911/913 = LX269   фильтр воздушный AM429;1;1520;Т4-00;15.08.2016;"Зюзин М.А. м-н ""Ралли"""
NORD STAR;NF30;NF-30 Незамерзающая жидкость, 5 л.;4;180;Химия;19.12.2022;Москворечье
BSG;90806003;OТРАЖАТЕЛЬ В БАМПЕР ПРАВЫЙVW TRANSPORTER;1;165;Э1-08;04.05.2023;ФА Логистик
Parts-Mall;PXCWB215;PXCWB215PMC_пыльник шруса наружный!\ KIA Grand Carnival 07-09;1;330,38;ШРУСы;19.09.2022;Профит Лига
KYB;RC3436;RC3436 Пружина подвески MITSUBISHI SPACE STAR 1.3/1.6 6/00-3/06 передн;2;1899,67;мет стелаж;23.03.2023;Профит Лига
Sakura;430201401;RED 1 КГ ГОТОВЫЙ АНТИФРИЗ КРАСНЫЙ;1;186,3;Химия;30.12.2022;"ООО ""Паскер ЛТД"""
Filtron;AR282;Renault Clio  1.7 RT, 1.8i   фильтр воздушный AR282;1;206;T1-11;15.08.2016;"Зюзин М.А. м-н ""Ралли"""
Filtron;AM416W;Scania  фильтр воздушный;1;2320;Г3-16;15.08.2016;"Зюзин М.А. м-н ""Ралли"""
Mobil;153018;SUPER 3000 XE 5W-30 A3. SL | CF МАСЛО МОТОРНОЕ СИНТ. 4Л;1;1924,48;;08.02.2022;АвтоРусь
Rolf;322417;А/МАСЛО ROLF GT 5W40 4Л АКЦИЯ 1Л БЕСПЛ;1;754;;19.08.2020;ИП Мясников  С.М
Novol;38041;АВТОДЕТАЛЬ;1;1219,59;химия;22.08.2022;"ООО ""Паскер ЛТД"""
GARDE;AK1514;АВТОДЕТАЛЬ;1;425,3;B3-20;12.07.2022;"ООО ""Паскер ЛТД"""
Tatsumi;TAG5007;АВТОДЕТАЛЬ;1;796;Н2-11;08.11.2022;Профит Лига
Motul;111178;АВТОДЕТАЛЬ;1;459,09;химия;10.05.2023;Москворечье
Denso;DOX0638;Автозапчасть;1;6672,01;Э3-07;25.04.2023;Автоспутник (новый)
Philips;12972PR;АВТОЛАМПА H7 12V 55W PX26D PHILIPS PREMIUM+30%;2;355,8;;22.03.2023;"ООО ""ФОРЕСТ"""
CGA;1CTRB8002RA;АВТОПРИНАДЛЕЖНОСТЬ;1;8857,2;И3-05 vozv;22.03.2021;Emex
Coast to Coast;HM88610;АВТОПРИНАДЛЕЖНОСТЬ;1;871,2;Д1-03;26.05.2022;Emex
HAFT;MI0123;АВТОПРИНАДЛЕЖНОСТЬ;3;366;шрусы;10.06.2022;ФА Логистик
King Tony;321435;АВТОПРИНАДЛЕЖНОСТЬ;1;1446;Э4-09;15.09.2022;Emex
Miles;K111679;Автопринадлежность;2;1788;Б3-00;16.12.2022;Москворечье
LYNXauto;C5692LR;АВТОПРИНАДЛЕЖНОСТЬ;1;1355;A2-01;21.12.2022;Гринлайт
Rosteco;21017;АВТОПРИНАДЛЕЖНОСТЬ;1;222,02;Стенд 2;07.03.2023;АвтоЕвро
Rezkon;5534030300;АВТОПРИНАДЛЕЖНОСТЬ;1;1863;А1-19;16.05.2023;Emex
DePPuL;DE82EA;АВТОПРИНАДЛЕЖНОСТЬ;1;10464,6;ЗАЛ ТРУБКИ;31.05.2023;Emex
Miles;CWA0110;АДАПТЕР ДЛЯ SIDE-PIN КОМПЛЕКТ 10 ШТ.;1;12,09,2023;A2-07;14.01.2022;Москворечье
Miles;CWA0410;АДАПТЕР ДЛЯ TOP LOCK 15ММ КОМПЛЕКТ 10 ШТ.;1;12,09,2023;A2-07;29.12.2021;Москворечье
KYB;339023;Амортизатор;2;8010;аморт;09.08.2022;ФА Логистик
TRW;JGM165T;АМОРТИЗАТОР;2;4942,9;H2-21;04.07.2022;Профит Лига
Zekkert;SG5080;АМОРТИЗАТОР;2;2282,96;амортизаторы;18.01.2023;"ООО ""ФОРЕСТ"""
Miles;DG01405;АМОРТИЗАТОР AUDI A48E 00-08 ПЕР.ГАЗ.;1;1838;аморт;03.06.2022;Москворечье
Mando;MSS020643;АМОРТИЗАТОР FORD FOCUS 11- ЗАДН. ЛЕВ/ПРАВ.;1;3370,64;аморт;19.04.2022;Гринлайт
Tatsumi;TAA5012;Амортизатор MITSUBISHI LANCER 07- задн.газ [TATSUMI];1;2439;аморт.;23.03.2023;Профит Лига
Miles;DG21606;АМОРТИЗАТОР TOYOTA HIGHLANDER 08-ЗАДН.ПРАВ.ГАЗ.;1;4135;аморт;20.06.2022;Москворечье
Zekkert;GF2426;АМОРТИЗАТОР БАГАЖНИКА CITROEN C4 II 11;2;563,4;Д4-05;26.04.2023;"ООО ""ФОРЕСТ"""
Zekkert;SG2005;АМОРТИЗАТОР ГАЗОВЫЙ;2;1772,98;АМОРТИЗАТОРЫ;11.01.2023;"ООО ""ФОРЕСТ"""
AMD;AMDSA222;Амортизатор задн.;2;1456,85;Амортизаторы;31.05.2022;Москворечье
Zekkert;SG2792;АМОРТИЗАТОР ЗАДНИЙ;1;1644,85;T4-06;17.02.2023;"ООО ""ФОРЕСТ"""
Parts-Mall;PQB013;АМОРТИЗАТОР КАПОТА KIA MAGENTIS|OPIRUS 06-;1;781;Д4-02;23.08.2022;"ООО ""Юрал"""
Zekkert;GF2452;АМОРТИЗАТОР КАПОТА NISSAN MURANO Z51 08;1;600,09;А1-12;03.04.2023;"ООО ""ФОРЕСТ"""
Lucas;JGM1014T;АМОРТИЗАТОР ПЕР.HONDA ACCORD VII КУПЕ 2.0 99-02;2;3210,83;Аморт;11.07.2022;АвтоЕвро
Trialli;AH30001;Амортизатор перед. масл. для а/м Great Wall Hover (05-)/H3 (10-)/H5 (1;1;2147,7;Амортизаторы;21.03.2022;Автоспутник (новый)
NSP;NSP02546502B510;АМОРТИЗАТОР ПЕРЕДНИЙ ЛЕВЫЙ HYUNDAI SANTA FE;1;2248;амор vozv;01.11.2019;Тота_ООО
AMD;AMDSA143R;Амортизатор передний правый газовый;1;2574;аморт;10.06.2022;ФА Логистик
Trialli;AG08103;АМОРТИЗАТОР СТОЙКА ПЕРЕД. ЛЕВ. ГАЗ. ДЛЯ А/М HYUN;1;4710,6;аморты;28.09.2022;Emex
Trialli;AG08304;АМОРТИЗАТОР СТОЙКА ПЕРЕД. ПРАВ. ГАЗ. ДЛЯ А/М HYU;1;4710,6;аморты;28.09.2022;Emex
ОйлРайт;2593;АМОРТИЗАТОРНАЯ ЖИДКОСТЬ 1Л. АЖ12Т 8 ШТ. OIL RIGHT;1;171,28;;12.07.2022;"ООО ""Паскер ЛТД"""
ОйлРайт;2593;АМОРТИЗАТОРНАЯ ЖИДКОСТЬ 1Л. АЖ12Т 8 ШТ. OIL RIGHT;2;156,3;;05.10.2022;"ООО ""Паскер ЛТД"""
BSG;BSG65922082;АНТЕННА ВЕРХНЯЯ-405MM / OPEL AGILA-AANTARAASTRA-F/;1;461,88;A2-01;06.02.2023;"ООО ""Юрал"""
MASTERWAX;MW020101;АНТИКОРРОЗИЙНОЕ ПОКРЫТИЕ  109 650МЛ ДЛЯ О;2;211,48;;29.11.2022;"ООО ""Паскер ЛТД"""
MASTERWAX;MW020502;АНТИКОРРОЗИЙНОЕ ПОКРЫТИЕ МОВИЛЬ  1000МЛ С;1;252,22;;03.10.2022;"ООО ""Паскер ЛТД"""
SIBIRIA;800163;АНТИФРИЗ G11  ГОТОВЫЙ 5КГ -40С КРАСНЫЙ;1;473;;19.10.2022;ИП Мясников  С.М
Starex;700700;АНТИФРИЗ G11 RED ЮГ 10КГ 2;1;497;ХИМИЯ;19.10.2022;АвтоРВ
Starex;700700;АНТИФРИЗ G11 RED ЮГ 10КГ 2;1;454;ХИМИЯ;03.04.2023;АвтоРВ
SAPSAN;60005;АНТИФРИЗ SAPSAN -40 КРАСНЫЙ 5КГ 3;1;225,5;;18.08.2022;АвтоРВ
Sintec;808789;АНТИФРИЗ ГОСТОВСКИЙ  5 КГ КРАСНЫЙ Г.ДЗЕРЖИНСК;1;334;химия;31.03.2023;АвтоРВ
Hepu;P999G12;АНТИФРИЗ КРАСНЫЙ AUDI | VW | SEAT | SKODA | OPEL СООТВЕТСТВУЕТ G12 - G;1;360,45;химия;28.07.2016;Aвтокомпонент
Vendor;AF011;АРОМАТИЗАТОР PRIME CAR БУТЫЛОЧКА 6МЛ ПО МОТИВАМ BL;1;126,85;a1-14;05.12.2022;"ООО ""Паскер ЛТД"""
UAZ;3,1601E+14;БАК МАСЛ ГИДРОУСИЛИТЕЛЯ ПАТРИОТ ПРОФИ СГР;1;2449,9;Г1-09;21.04.2023;"ООО ""Паскер ЛТД"""
AMD;AMDWTB23;БАЧОК РАСШИРИТЕЛЬНЫЙ WTB23;1;983;Ж-09;16.03.2022;"ООО ""Юрал"""
Bremi;7001;БЕГУНОК РАСПРЕДЕЛИТЕЛЯ ЗАЖИГАНИЯ;1;250;Э1-06;08.12.2022;ИП Когтева Ольга Викторовна
Mercedes-Benz;N910105008012;Болт;1;149;БВ2-01 кор 3;10.03.2023;"ООО ""АврораАвто"""
КАМАЗ;3567517001;БОЛТ М16Х1.5-6GX140  5490;1;102,6;Стенд 4;12.10.2022;"ООО ""ГРУЗАВТОЦЕНТР"""
VAG;N90813202;БОЛТ МЕТАЛЛИЧЕСКИЙ;1;255,06;БВ2-01кор3;13.02.2023;АвтоЕвро
VAG;N90288901;БОЛТ С ШЕСТИГРАННОЙ ГОЛОВКОЙ;1;233,96;БВ2-01кор1;29.05.2023;АвтоЕвро
Jikiu;BB22009;БОЛТ С ЭКСЦЕНТРИКОМ;2;655;БВ2-02к2;14.06.2022;ФА Логистик
Autofamily;NLF0001U;БРЫЗГОВИК;1;374,62;T1-000/Kop.1;27.12.2022;Профит Лига
Sat;STVW62016B2;БРЫЗГОВИК VW TOUAREG 11 LH ПЕРЕДНИЙ;1;624,22;B3-17;22.04.2018;Emex
ГАЗ;2,70554E+12;Брызговик колеса ГАЗ 2705  3221 задний;1;273,7;;08.12.2021;АвтоРВ
ГАЗ;22172804020;БУФЕР ЗАДНИЙ ПРАВЫЙ;1;615,3;;01.03.2022;АвтоРВ
Luzar;LFC1803;Вентилятор радиатора. (без кожуха);1;8991,79;химия верх;21.04.2023;Москворечье
Авар;923709;Вк Стеклоподъемн. Ваз2110 Кн. Авар 92.3709;1;99;Э4-02 КОР 2;10.02.2023;АвтоРВ
Kolbenschmidt;77841600;Вкладыш;1;1413,62;ИГ-14;22.12.2022;"ООО ""Юрал"""
Glyco;013584STD;Вкладыш Шатунный;1;375,67;;15.04.2020;Автоспутник (новый)
King;CR427025;Вкладыши;1;297,94;ИГ-12;;
King;CR4106AM025;Вкладыши;1;694,3;ИГ-07;08.08.2022;ФА Логистик
General Motors;12657438;Вкладыши комплект A20NHT - 8шт;1;2060;ИГ-11 vozv;12.03.2021;Куракин Артем (АстраМоторс)
Kolbenschmidt;87205600;Вкладыши коренные (с полукольцами) VAG;1;2570;ИГ-16;29.04.2022;ИП Когтева Ольга Викторовна
King Engine Bearings;MB4271AM;ВКЛАДЫШИ КОРЕННЫЕ DAEWOO F8C L3 49CI STD 4 ПАРЫ;1;1311;ИГ-14;19.12.2022;ФА Логистик
ХимАвто;WA21840;Вода дистилировнная H2O 5л ХимАвто;1;92,4;ХИМ;01.12.2022;Москворечье
Febi;19754;Втулка масл щупа;1;30;Э1-06кор втулки;02.08.2022;ИП Когтева Ольга Викторовна
Nissan;1323153Y01;Втулка направляющая клапана Nissan;2;1050,48;ИГ-08;09.08.2021;"ООО ""ТД ""Столица"""
Febest;0174MCV10F;ВТУЛКА НАПРАВЛЯЮЩАЯ СУППОРТА ТОРМОЗНОГО ПЕРЕДНЕГО;1;135;ИГ-10;05.05.2022;Москворечье
КАМАЗ;5,32035E+12;ВТУЛКА РАЗЖИМНОГО КУЛАКА;1;178,5;кор11 ВТУЛКИ;13.01.2023;"ООО ""ГРУЗАВТОЦЕНТР"""
Malo;15389;Втулка рессоры;2;361;кор6 втулки;27.04.2022;Автоспутник (новый)
Hans Pries;104145755;Втулка стаб-ра пер внут Audi 80 ->91 Pas.->88 20mm;2;40;Г3-12/Кор.2;09.09.2022;ИП Когтева Ольга Викторовна
Sasic;2300033;Втулка Стабилизатора;2;318;кор6 втул;29.07.2022;"ООО ""ФОРЕСТ"""
Febest;CHSBMATF;ВТУЛКА СТАБИЛИЗАТОРА;1;114;Кор 6 втилки;06.12.2022;Гринлайт
CTR;GV0096;ВТУЛКА СТАБИЛИЗАТОРА;2;104;Г5-03/КОР.1;17.02.2023;Москворечье
Febest;LRSBRRSIII;ВТУЛКА СТАБИЛИЗАТОРА D40;1;543,6;Кор7 втулки;17.04.2023;Москворечье
Febi;42841;ВТУЛКА СТАБИЛИЗАТОРА ПЕРЕДНЕГО R;1;588,5;кор 15 вт;05.08.2022;ФА Логистик
Deutz;4200024;ВТУЛКА ШАТУНА ORG;5;670,41;ИГ-12;12.09.2022;АвтоЕвро
SACHS;3182654168;Выжимной;1;2187,7;;09.01.2018;ФА Логистик
Автоэлектроника;21236105824;ВЫКЛЮЧАТЕЛЬ КОНЦЕВОЙ В-2123 ШЕВИ-НИВА В ЗАМОК ДВЕР;1;258,3;Э4-06;09.04.2021;"ООО ""Паскер ЛТД"""
Datsun;253605PA0C;ВЫКЛЮЧАТЕЛЬ КОНЦЕВОЙ ДВЕРИ DATSUN БЕЗ ПЫЛЬНИКА БЕЗ РАЗЪМА;4;163;A1-09;02.12.2022;"ООО ""ГлобалСистемз"""
Hyundai / KIA;495513S000;Гайка М24;2;253;;25.11.2022;Автоспутник (новый)
Clipper;A301;ГЕРМЕТИК БОРТА 1000МЛ. CLIPPER;2;464,63;ckl vozv;09.04.2021;Автометиз безнал
Bosal;279489;ГЛУШИТЕЛЬ ЗАД.ЧАСТЬ VW;1;7410;Пол/Глушители;15.02.2023;"ООО ""Юрал"""
АвтоДело;39032;ГОЛОВКА ТОРЦЕВАЯ 32ММ 3|4 КВАДРАТ;1;1056;химия;13.02.2023;"ООО ""Юрал"""
СЧЕТМАШ;1,11801E+13;ДАТЧИК АДСОРБЕРА ВАЗ КАЛИНА СЧТМАШ;1;320,74;ckl vozv;12.04.2021;Автометиз безнал
General Motors;96334068;Датчик Давления;1;2237;Э3-08;01.08.2022;Автоспутник (новый)
VAG;7LA615437;Датчик износа пер. тормозных колодок vw transporte;1;1600;Э2-06;06.09.2022;Макаренцев Вечаслав
Meat & Doria;87301;Датчик коленвала;1;1359;А1-06;28.04.2023;ФА Логистик
Daewoo;94580175;ДАТЧИК ПОЛОЖЕНИЯ ДРОССЕЛЬНОЙ ЗАСЛОНКИ;1;557,4;;15.03.2022;Автоспутник (новый)
Hans Pries;100191755;ДАТЧИК ТЕМПЕР.ОХЛ.ЖИДК. AUDI 80 | 100 | A4 | A6 | VW G2;8;301;Э1-06;21.03.2022;"ООО ""Юрал"""
Volvo;8691666;Датчик температуры;1;3162,75;A3-13vozv;06.10.2021;"ООО ""СОКРАТ"""
Lada;1,11868E+13;ДАТЧИК ТЕМПЕРАТУРЫ ВОЗДУХА САЛОНА;1;379,8;vozv;23.12.2019;АвтоРВ
Jp Group;1593100900;ДАТЧИК, ТЕМПЕРАТУРА ОХЛАЖДАЮЩЕЙ ЖИДКОСТИ;1;462;Э3-07;03.08.2022;Гринлайт
Toyota;8713902090;Деталь;1;711,54;ckl vozv;31.10.2018;Emex
Renault;620252766R;ДЕФЛЕКТОР БАМПЕРА ПЕ;1;2344,4;;10.01.2020;Формула-ВР
Cobra Tuning;H60215CR;ДЕФЛЕКТОРА ОКОН HAVAL H6 5D 20;1;1620,6;ckl vozv;16.10.2019;Emex
VAG;038141032R;ДИСК СЦЕПЛЕНИЯ;1;7000;A4-00;24.07.2019;Карпенко Александр Владимирович
УМЗ (Ульяновск);1601130;ДИСК СЦЕПЛЕНИЯ УАЗ;1;1944,63;A4-00;25.11.2022;"ООО ""Паскер ЛТД"""
Kortex;KD0238;ДИСК ТОРМ. RENAULT LOGAN II 13- ПЕРЕД.ВЕНТ.D258M;2;1604;A1-000;09.03.2023;ФА Логистик
ATE;24031201061;ДИСК ТОРМОЗНОЙ;2;1645,3;Б2-0;15.08.2022;АвтоЕвро
Fenox;TB215151;Диск тормозной;2;1000;Б3-0;13.04.2022;ИП Когтева Ольга Викторовна
Sangsin;SD2028;Диск тормозной;2;1504,65;A4-00;20.11.2023;"ООО ""Юрал"""
Miles;K011655;Диск тормозной;2;1856;Б1-000;06.12.2022;Москворечье
Ferodo;DDF1707;ДИСК ТОРМОЗНОЙ AUDI A4 00- | A6 97-05 | VW PASSAT 00-05 ПЕРЕДНИЙ D 312;2;4672,2;A4-000;21.04.2022;Emex
Fenox;TB217271;ДИСК ТОРМОЗНОЙ FORD MONDEO 93-00 | SCORPIO 93-98 ПЕРЕДНИЙ D 260ММ.;2;1500;A4-0;13.04.2022;ИП Когтева Ольга Викторовна
Zekkert;BS5726;Диск тормозной задний;1;1134,04;Б2-00;09.01.2023;"ООО ""ФОРЕСТ"""
Brembo;8295814;Диск тормозной передний Renault Logan;2;1206,84;A5-0;02.09.2022;Профит Лига
Zekkert;BS5060;ДИСК.ТОРМ.ЗАД MERCEDES-BENZ 190 201 82- MERCEDES;2;969,55;A1-00;28.03.2023;"ООО ""ФОРЕСТ"""
Автоэлектроника;4498;ЖГУТ ПРОВОДОВ БЛОК-ФАРЫ ВАЗ 2105. 2108. ГАЗЕЛЬ . М;2;125,39;Э4-12;10.02.2023;"ООО ""Паскер ЛТД"""
Patron;ATFMULTIVEHICLE1LORI;ЖИДКОСТЬ ГИДРАВЛИЧЕСКАЯ 1Л-BMW ETL 7045E/ETL 8072B;1;1250;;03.06.2022;Москворечье
Toyota;9093003136;ЗАГЛУШКА;2;535,43;Стенд 3;10.01.2023;Гринлайт
VAG;06B103033A;ЗАГЛУШКА В БЛОК ЦИЛИНДРОВ;1;1424;Стенд 1;15.03.2023;Автоспутник (новый)
BSG;30922004;ЗАЩИТА РАДИАТОРА НИЖНЯЯ;1;503,8;аморт.верх;13.02.2023;"ООО ""Юрал"""
DT Spare Parts;372601;ЗАЩИТНЫЕ ПРИСПОСОБЛЕНИЯ;2;163,15;Стенд 1;31.03.2023;"ООО ""ТракМоторс"""
General Motors;96325226;ЗАЩИТНЫЙ КОЖУХ РЕМНЯ ГРМ;1;653,66;Cтенд 3;23.12.2022;Автоспутник (новый)
Aura;VDMDW15;ЗВУКОИЗОЛЯЦИОННЫЙ МАТЕРИАЛ 150ММ 075Х10М;1;527,31;Д4-0;24.10.2022;"ООО ""Паскер ЛТД"""
Alkar;6471438;Зеркало;1;621;И3-15;30.01.2023;"ООО ""Юрал"""
Alkar;6471438;Зеркало;1;521,19;И3-15;06.02.2023;"ООО ""Юрал"""
Alkar;6471438;Зеркало;1;447,18;И3-15;04.05.2023;"ООО ""Юрал"""
GKN;302690;К-КТ ПЫЛЬНИКА ШРУСА MAZDA 6 GG, GY, GH 08.2002=;1;668,7;Шкаф шрус;07.11.2022;ФА Логистик
AMD;AMDEL695;КАТУШКА ЗАЖИГАНИЯ HYUNDAI CRETA 16- | ELANTRA 11- | I40 11- 2.0;1;1280,07;Э3-06;09.03.2022;Москворечье
StartVOLT;SC1060;КАТУШКА ЗАЖИГАНИЯ VOLVO S60 | 70 | V70 2.0-2.5;3;1457,5;Э3-13;21.03.2022;Автоспутник (новый)
ZZVF;ZV4F05B;Клапан;1;400;;20.06.2018;Автобаза управления делами Воронежской области
Freccia;R6248SNT;КЛАПАН ВЫПУСКНОЙ;2;327,32;ИГ-09;07.03.2023;"ООО ""ФОРЕСТ"""
Raon Auto;CRY192;КЛАПАН ВЫПУСКНОЙ ESTINA. TIGGO 1.8;2;150;А1-12;10.04.2023;"ООО ""ФОРЕСТ"""
Toyota;9050132065;КЛАПАННАЯ ПРУЖИНА;7;215;БВ1-05 КОР;15.06.2022;Автолюкс-Шкода
Hyundai/KIA;921730U000;Клипса;1;91,25;Стенд 4;10.02.2023;АвтоЕвро
Masuma;KJ1059;КЛИПСА АВТОМОБИЛЬНАЯ АВТОКРЕПЕЖ;8;23;Кор6;09.06.2016;Основной поставщик
Masuma;KJ1748;КЛИПСА АВТОМОБИЛЬНАЯ АВТОКРЕПЕЖ;10;15,88;кор13 клипсы;30.08.2021;Профит Лига
Masuma;KJ1868;КЛИПСА АВТОМОБИЛЬНАЯ АВТОКРЕПЕЖ HONDA CIVIC | CR-V 07-;2;15,01,2023;кор12;06.03.2020;ФА Логистик
Citroen;856563;Клипса крепления;2;70;разн,клип.;29.03.2018;Доровский Илья (Комис)
General Motors;10437565;КЛИПСА ОБИВКИ УНИВЕРСАЛЬНАЯ 12X33X14X8 ЧЕРНАЯ;2;15;Офис-9;;
Comfort;2515504PI;КОВРИК В БАГАЖНИК KIA OPTIMA 4 JF 15- КОМПЛЕКТАЦИЯ CLASSIC- СЕДАН ПЛАС;1;331,31;А4-19;08.04.2022;"ООО ""Паскер ЛТД"""
Lada;2,11003E+13;КОЖУХ ПЕРЕДНЕЙ СТОЙКИ ПЫЛЬНИК;1;234,32;ШКАФ ШРУСЫ;18.11.2022;Воронеж-Авто-Сити
Lada;2,11003E+13;КОЖУХ ПЕРЕДНЕЙ СТОЙКИ ПЫЛЬНИК;1;234,32;ШКАФ ШРУСЫ;02.05.2023;Воронеж-Авто-Сити
Brave;BRBP127;КОЛОДКА ТОРМОЗНАЯ;1;676;Б2-18;28.09.2022;Гринлайт
Fenox;BP53043;Колодки;1;1100;Б1-07;24.05.2022;ИП Когтева Ольга Викторовна
DL Autogruppe;BSK01712;Колодки;1;800;Б3-16;06.09.2017;"ООО ""Ромавто"""
Hsb;HP5183;Колодки;1;1057,1;Б2-18;06.06.2022;ФА Логистик
Sangsin Brake;SP1110;Колодки Дисковые;1;1217;Б3-07 vozv;22.12.2022;Москворечье
Sangsin Brake;SP1237;Колодки Дисковые;1;1475,3;Б3-09;13.09.2022;Профит Лига
Toyota;446505110;Колодки Дисковые;1;2791;Б3-12;29.04.2022;Автолюкс-Шкода
Parts-Mall;PKA034;Колодки Дисковые;1;1037,62;Б1-03;13.03.2023;"ООО ""Юрал"""
Sangsin Brake;SP4070;Колодки Дисковые;1;2103;B2-01;30.12.2022;Москворечье
Remsa;105230;Колодки Дисковые;1;3361;Б2-01;09.08.2022;ФА Логистик
Vite;VBS3460PS;Колодки Передние Hyundai;1;383;Б3-08;27.04.2022;ИП Когтева Ольга Викторовна
LPR;6869;КОЛОДКИ СТ.ТОРМ.MB W203/W209/W210/W140/W215/W220/W;1;1044;Б1-04;02.08.2022;Москворечье
Miles;E210591;КОЛОДКИ СТ.ТОРМ.TOYOTA LAND CRUISER J100 4.2-4.7 98-;1;1653;Б3-06;31.05.2022;Москворечье
Fenox;BP53041;КОЛОДКИ ТОРМ.БАР.AUDI 100 | 80 | VW CADDY | G2 | G3 | PASSAT 77-04;1;1078;Б1-14;21.03.2022;Автоспутник (новый)
Ferodo;FSB385;Колодки тормоз.барабанные  Ford Transit 2.5  11/27-9/92  = 361182 5022;1;1510;Б1-15;15.08.2016;"Зюзин М.А. м-н ""Ралли"""
Sangsin Brake;SP1277;КОЛОДКИ ТОРМОЗНЫЕ;2;1885,46;Б4-08;24.10.2022;Профит Лига
TRW;MCB539;КОЛОДКИ ТОРМОЗНЫЕ;1;1985,7;Б1-03;17.04.2023;ФА Логистик
Hagen;GP1564;Колодки тормозные;1;2103;б3-10;30.12.2022;ФА Логистик
Sangsin Brake;SP2025;КОЛОДКИ ТОРМОЗНЫЕ AUDI A3 03 | VW G4 | G5 | SKODA OCTAVIA 1.4 | 1.6 |;1;1342,19;Б4-15vozv;25.11.2022;Профит Лига
Miles;E500315;КОЛОДКИ ТОРМОЗНЫЕ BMW 1 F203 F30X3 F2510 ПЕРЕД;1;1669;Б2-09;10.05.2022;Москворечье
Sangsin Brake;SP1077;КОЛОДКИ ТОРМОЗНЫЕ GM LANOS | LACETTI | REZZO | NEXIA 97- ПЕРЕД.;1;1217,1;Б3-08 vozv;19.04.2022;Профит Лига
AMD;AMDBF229;КОЛОДКИ ТОРМОЗНЫЕ GM NEXIA | ESPERO | NUBIRA | LANOS БАРАБАН.;1;1065;Б1-06;11.01.2023;Emex
Sangsin Brake;SP1368;КОЛОДКИ ТОРМОЗНЫЕ HONDA ACCORD 90-/CIVIC 97-/CR-V II/FR-V/PRELUDE 92-0;1;1045,04;Б3-09;13.09.2022;Профит Лига
HI-Q;SP4469;Колодки тормозные HYUNDAI GENESIS GV80 20- задн. [HI-Q];1;1710;Б3-10;24.01.2023;Профит Лига
HQ;SP1167;КОЛОДКИ ТОРМОЗНЫЕ KIA CERATOSPECTRA 04- ПЕРЕДНИЕ;1;1332,56;Б3-09;09.03.2023;Аркона
Tatsumi;TCA1239;КОЛОДКИ ТОРМОЗНЫЕ LEXUS RX 350/450H 09- ЗАДНИЕ;1;1189,46;Б2-14;01.02.2023;"ООО ""Юрал"""
Sangsin Brake;SP1372;КОЛОДКИ ТОРМОЗНЫЕ TOYOTA CAMRY V30 01-06 ПЕРЕДНИЕ;1;1304;Б2-11;19.12.2022;"ООО ""Юрал"""
Fenox;BP43042;КОЛОДКИ ТОРМОЗНЫЕ ДИСКОВЫЕ ПЕРЕДНИЕ, 1175217;1;736;Б1-03;10.04.2023;ФА Логистик
Sangsin Brake;SP1510;КОЛОДКИ ТОРМОЗНЫЕ ПЕРЕДНИЕ;1;2025;Б3-07;18.05.2022;ФА Логистик
Lecar;LECAR026010501;Колодки тормозные передние ГАЗЕЛЬ NEXT (LECAR);1;1087,3;Б1-10;04.03.2022;АвтоРВ
Victor Reinz;702604400;КОЛПАЧКИ М.С. OPEL OMEGA A | FRONTERA 74-94;8;15,88;Р4-01 кор 3;29.05.2015;Основной поставщик
Victor Reinz;123422302;Колпачок Маслосъемный;1;2252;Р4-01 кор 3;16.09.2022;Автоспутник (новый)
Goetze;813760000;Кольца Поршневые;1;1027;ИГ-12;06.09.2017;"ООО ""Ромавто"""
Goetze;830780000;КОЛЬЦА ПОРШНЕВЫЕ OPEL 1.6 D79 1.2-1.5-2.5;1;1350,91;ИГ-08;15.03.2023;"ООО ""ФОРЕСТ"""
Kolbenschmidt;8,00021E+11;КОЛЬЦА ПОРШНЕВЫЕ КОМПЛЕКТ OPEL ASTRA CORSA KADETT TIGRA -04 1.4 C14SE;4;768,4;ИГ-06;03.04.2023;ФА Логистик
Mitsubishi;2920A096;КОЛЬЦО РЕЗИНОВОЕ;1;170;Э1-05 кор1;04.04.2023;АвтоЕвро
Victor Reinz;407616100;КОЛЬЦО РЕЗИНОВОЕ;1;87,22;ОКНО/КОР 4;16.01.2023;Автоспутник (новый)
Quattro freni;QF17A00026;КОЛЬЦО УПЛ.ВЫХЛ.СИСТЕМЫ;1;361;P4-02;21.11.2022;"ООО ""Юрал"""
Victor Reinz;701207700;КОЛЬЦО УПЛОТНИТЕЛЬНОЕ PSA FORD BERLINGO C3 C4 C-MAX FOCUS FIESTA 03- 1;3;92;Р4-01кор3;21.04.2023;Автоспутник (новый)
Peugeot / Citroen;7416H7;КОМП.КРОНШТЕЙН. LAT ORG;1;3860;Б1-19;09.02.2017;ИП Ненахов А.А.
JapanParts;BL401;КОМПЛЕКТ БОЛТОВ ГБЦ HONDA CR-V 2.0 1999-2002;1;1852,32;Прокладки/ полка болты ГБ;28.03.2023;"ООО ""ФОРЕСТ"""
Victor Reinz;143215701;Комплект болтов ГБЦ Renault 1.4/1.6 16V 97>;1;1182;;27.10.2023;Emex
LYNXauto;WB1536;КОМПЛЕКТ ПОДШИПНИКА;1;1901;H1-10\1;31.05.2022;Гринлайт
Mahle / Knecht;00277N0;КОМПЛЕКТ ПОРШНЕВЫХ КОЛЕЦ;1;1410;ИГ-06;22.06.2022;Москворечье
Victor Reinz;23167502;Комплект прокладок;1;11569,2;;30.10.2023;Emex
P.M.C.;PFAM121U;КОМПЛЕКТ ПРОКЛАДОК HYUNDAI ACCENTRB 11MY 209202;1;4887;окно прокл. vozv;04.04.2022;Москворечье
Victor Reinz;123554601;КОМПЛЕКТ ПРОКЛАДОК, СТЕРЖЕНЬ КЛАПАНА;1;2914,07;P4-01/Кор4;12.09.2022;Профит Лига
Corteco;19020622;Комплект Прокладок, Стержень Клапана;1;728;P4-01К2;03.06.2022;ФА Логистик
Corteco;19034886;КОМПЛЕКТ ПРОКЛАДОК, СТЕРЖЕНЬ КЛАПАНА;1;2204;A2-07;15.08.2022;Гринлайт
Seinsa Autofren;D8195;Комплект Пылника, Приводной Вал;1;359;Т2-0 Кор.2;16.06.2022;ИП Когтева Ольга Викторовна
TRW;JBE219;КОМПЛЕКТ ПЫЛНИКА, РУЛЕВОЕ УПРАВЛЕНИЕ;1;853;T2-0кор 2;30.03.2017;Евроавто магазин поступление
Valeo;826340;КОМПЛЕКТ СЦЕПЛЕНИЯ;1;7800,6;A4-00;27.07.2022;Emex
Gates;KP55500XS;КОМПЛЕКТЫ POWERGRIP PLUS С ВОДЯНЫМ НАСОСОМ SBDS;1;7578,08;H2-17;27.03.2023;Москворечье
Parts-Mall;P3BC029;КОРЗИНА СЦЕПЛЕНИЯ;1;3266,49;A1-0;13.07.2022;Москворечье
ГАЗ;31053501191;КОРПУС ПЕРЕДНЕЙ СКОБЫ СУППОРТА ГАЗ-3302 ЛЕВЫЙ ГАЗ;2;1284;В3-12;09.01.2023;АвтоРВ
ГАЗ;31053501190;КОРПУС ПЕРЕДНЕЙ СКОБЫ СУППОРТА ГАЗ3302 ПРАВЫЙ ГАЗ;1;1277;Н2-13;09.01.2023;АвтоРВ
S&K;SK305001401;КРАН ТОРМОЗНОЙ 12BAR M22X1.5;1;2356,3;Д1-04;15.12.2022;ФА Логистик
AUTON;ATNA46320;КРАСКА АЭРОЗОЛЬ АВТОН МЕТАЛЛИК 276 ПРИЗ 520МЛ;2;239;;24.05.2023;АвтоРВ
Bosal;256071;Крепление 9091706074;1;104,5;БВ1-02 Кор.2;21.09.2022;ФА Логистик
YAVVA;21101001157;КРОНШТЕЙН ОПОРЫ ДВИГАТЕЛЯ ВАЗ2110 ПРАВЫЙ АЛЮМ;1;431,47;C3-13;13.01.2023;АвтоРусь
ГАЗ;3,30284E+12;КРЫЛО ПЕРЕДНЕЕ ЛЕВОЕ;1;2175,6;В2-19;26.12.2022;Emex
Suzuki;1711180JA0;КРЫЛЬЧАТКА ВЕНТИЛЯТОРА;1;2431,2;И3-12  vozv;07.08.2019;Emex
BMW;51117338473;Крышка буксировочной проушины загр.;1;902;A2-06;05.10.2022;ИП Панкова Ирина Евгеньевна
VAG;1K5955109AGRU;Крышка форсунки омывателя омывателя VW Golf 04->/Jetta 06->;1;850;Э3-12;27.10.2021;Маркин Сергей
Stellox;9939038SX;ЛАМПА;1;01,11,2029;;30.09.2021;"ООО ""ТД ""Столица"""
Masuma;L813;Лампа;1;1654;Э2-07;28.04.2023;ФА Логистик
Optimal;IHB4WW;ЛАМПА СВЕТОДИОД 9-32V HB4 OPTIMA LED I-ZOOM SEOUL-;1;1755,38;Э3-12;13.09.2022;"ООО ""Паскер ЛТД"""
LYNXauto;LD12805;ЛАМПА СВЕТОДИОДНАЯ LED W5W T10 12V W2.1X9.5D 6500K;1;98;Э2-04 кор3;26.01.2023;Гринлайт
OSRAM;64193NBUDUOBOX;ЛАМПОЧКА;1;669,26;;12.08.2020;Автометиз безнал
Lukoil;3149286;ЛУКОЙЛ GENESIS ARMORTECH HK 5W30 1 Л.;1;672;ХИМ;14.12.2022;"ООО ""РТК"""
Lukoil;3149300;ЛУКОЙЛ Л GENESIS ARMORTECH SAE 5W-30 GC API SN СИНТЕТИКА  4Л;1;3888;химия;22.09.2022;АвтоРВ
Lukoil;3149902;ЛУКОЙЛ Л GENESIS ARMORTECH SAE 5W-30 JP API SN-RC СИНТЕТИКА    4 Л;1;3280,9;химия;06.07.2022;АвтоРВ
Lukoil;3149902;ЛУКОЙЛ Л GENESIS ARMORTECH SAE 5W-30 JP API SN-RC СИНТЕТИКА    4 Л;1;3280,9;химия;08.07.2022;АвтоРВ
Lukoil;3149902;ЛУКОЙЛ Л GENESIS ARMORTECH SAE 5W-30 JP API SN-RC СИНТЕТИКА    4 Л;1;3280,9;химия;11.07.2022;АвтоРВ
Lukoil;196256;ЛУКОЙЛ ЛЮКС СИНТЕТИЧЕСКОЕ SAE 5W-30 API SL|CF.  4 Л;1;2440;химия;12.08.2022;АвтоРВ
Lukoil;196256;ЛУКОЙЛ ЛЮКС СИНТЕТИЧЕСКОЕ SAE 5W-30 API SL|CF.  4 Л;1;2440;химия;18.08.2022;АвтоРВ
Asam-SA;74169;ЛЯМБДА ЗОНД;1;2910,4;Э1-11;22.02.2023;ФА Логистик
Lukoil;3149925;МАСЛО ЛУКОЙЛ GENESIS МОТОРНОЕ 0W20 ARMORTECH JP 4 Л. СИНТЕТИКА;1;2615;химия;28.11.2022;ИП Мясников  С.М
Repsol;6108R;МАСЛО МОТОРНОЕ  ELITE COSMOS F FUEL ECONOMY 5W-30 СИНТЕТИЧЕСКОЕ 4 Л 61;1;1975;ХИМИЯ;23.01.2023;"ООО ""РТК"""
Rolf;322436;МАСЛО МОТОРНОЕ  GT SAE 5W-40 API SN|CF СИНТЕТИЧЕСКОЕ 4 Л;1;1568;химия;23.11.2022;ИП Мясников  С.М
Kixx;L215344TE1;МАСЛО МОТОРНОЕ 5W30  4Л СИНТЕТИКА G1 API SP ILSAC;1;2449,86;;23.09.2022;Профит Лига
Rolf;322228;МАСЛО МОТОРНОЕ 5W30  4Л СИНТЕТИКА GT API SN|CF;1;1914;химия;31.10.2022;АвтоРВ
Liqui Moly;7530;МАСЛО МОТОРНОЕ СИНТ SPECIAL TEC AA 5W30 5Л;1;5500,72;Химия;16.01.2023;АвтоЕвро
Rowe;20068005003;"Масло моторное синтетическое ""Hightec Synt RS 5W-40"", 5л";1;3000;;01.03.2023;Москворечье
Lukoil;3149287;МАСЛО МОТОРНОЕ СИНТЕТИЧЕСКОЕ GENESIS ARMORTECH HK 5W-30. 4Л;1;3163,2;химия;05.08.2022;АвтоРВ
Lukoil;3149287;МАСЛО МОТОРНОЕ СИНТЕТИЧЕСКОЕ GENESIS ARMORTECH HK 5W-30. 4Л;1;2177;химия;28.11.2022;ИП Мясников  С.М
Lada;2,10801E+13;Маслоотражательные колпачки ВАЗ-2108 комплект;1;294,3;Р4-01кор4;01.08.2022;АвтоРВ
Mahle / Knecht;OC5933;Масляный Фильтр;1;499;Г3-09;20.11.2023;Автоспутник (новый)
Sat;STBM53000MA2;МОЛДИНГ БАМПЕРА BMW E39 0003 LH;1;650;Б3-22 vozv;28.01.2020;Карандеев Сергей
Авто Деталь Сервис;2,17008E+13;МОЛДИНГ КАПОТА ВАЗ 2170;1;771,86;А2-17;15.05.2023;АвтоЕвро
General Motors;13187161;МОЛДИНГ ПЛАСТМАССОВЫЙ;1;700;Д4-25;28.11.2019;"ООО ""Бизнес Снаб"""
Lavr;LN2126;МОЮЩАЯ ПРИСАДКА В ТОПЛИВО LAVR UNIVERSAL FUEL CLE;1;82;;02.06.2017;А-Сервис Сизинцев М.М.
Lada;2,10802E+13;МУФТА СИНХРОНИЗАТОРА 2108-09. 2110-12 1-2 ПЕРЕДАЧИ СТАРОГО ОБР ОАО АВТ;1;1009;;24.05.2023;АвтоРВ
ГАЗ;A21R233501171;Н ГАЗЕЛЬ КОЛОДКИ ПЕРЕДН.4 ШТ. ГАЗ;1;1263,88;Б3-06;18.04.2023;Профит Лига
Sangsin;SL221;Накладка тормозная;4;592;Б3-18;29.07.2022;Автоспутник (новый)
Krauf;GRB0003TN;НАКОНЕЧНИК КАТУШКИ ЗАЖИГАНИЯ HYUNDAI/KIA КАТУШКИ З;3;281;Стенд 4;25.05.2022;ИП Сирота М.А.
Mapco;59814;НАКОНЕЧНИК ПОПЕРЕЧНОЙ РУЛЕВОЙ ТЯГИ;1;419,65;C1-05;17.04.2023;"ООО ""ФОРЕСТ"""
Febest;2321SAVRH;НАКОНЕЧНИК РУЛЕВОЙ ПРАВЫЙ VOLKSWAGEN GOLF 2003-200;1;1056;C1-04;17.10.2022;ФА Логистик
Manover;MR7751453;НАКОНЕЧНИК РУЛЕВОЙ ТЯГИ ЛЕВЫЙ С ПЫЛЬНИКОМ;1;418,86;C1-05;17.05.2022;"ООО ""Паскер ЛТД"""
Freccia;G11129;НАПРАВЛЯЮЩАЯ ВТУЛКА КЛАПАНА;3;214,91;ИГ-08;18.10.2022;"ООО ""ФОРЕСТ"""
Freccia;G11390;НАПРАВЛЯЮЩАЯ ВТУЛКА КЛАПАНА;2;234,74;ВТУЛКИ КОР 13;20.01.2023;"ООО ""ФОРЕСТ"""
Nissan;1321277A60;Направляющие GA16;4;320,8;ИГ-06;11.04.2022;Автоспутник (новый)
ЗМЗ;5141307010;Насос Водяной Змз514 Змз;1;4776,28;A1-03;05.12.2022;"ООО ""Паскер ЛТД"""
Volvo;31349264;НАСОС ОМЫВАТЕЛЯ;1;3510,47;Э3-07;18.05.2022;"ООО ""СОКРАТ"""
GMB;GTA0490;НАТЯЖНОЙ РОЛИК;1;674;H2-14;20.02.2023;Профит Лига
Moog;CHBJ10520;НЕСУЩИЙ | НАПРАВЛЯЮЩИЙ ШАРНИР;2;1718,65;C1-12;10.04.2023;"ООО ""ФОРЕСТ"""
Parts-Mall;PHA035;ОМПА ОХЛАЖДЕНИ;1;4029;Э3-12;13.06.2022;ФА Логистик
Masuma;SAM2121;Опора амортизатора MASUMA SAM-2121;2;1890;Г7-05;11.01.2023;АвтоРусь
Zekkert;GM2252;ОПОРА АМОРТИЗАТОРА ПЕР. К-Т AUDI A1 10- A3 I II 96- SKODA FABIA 5J 06-;2;479,4;H1-10/1;08.11.2022;"ООО ""ФОРЕСТ"""
ASP;RJ80001;ОПОРА ДВИГАТЕЛЯ;1;1511,25;H2-13;19.04.2023;Аркона
ASP;RJ80001;ОПОРА ДВИГАТЕЛЯ;1;1511,25;H2-13;19.04.2023;Аркона
Hyundai / KIA;517602H000;ОПОРА ШАРОВАЯ;1;1380;Г5-04;25.04.2022;ИП Когтева Ольга Викторовна
Jp Group;1140302480;Опора Шаровая;1;615;C2-08;08.04.2022;ИП Когтева Ольга Викторовна
Sasic;7574002;Опора шаровая;1;1223,6;А5-05;26.04.2022;ФА Логистик
Jp Group;1140302470;ОПОРА ШАРОВАЯ AUDI 80 | 90 -91 ЛЕВ.;1;550;C2-13;08.04.2022;ИП Когтева Ольга Викторовна
Lemforder;4265201;ОПОРА ШАРОВАЯ BMW X3 II F25 10- НИЖ.ЛЕВ/ПРАВ.;1;4547,32;А3-11;03.05.2023;Основной поставщик
Ruville;915848;Опора шаровая, передняя;1;360;C2-10;11.04.2022;ИП Когтева Ольга Викторовна
Febi;1671;ОПОРА. СТАБИЛИЗАТОР;2;249,15;А5-07;20.03.2023;Москворечье
Hyundai / KIA;8,47E+05;Опорная Планка Крышки Напольной Консоли Салона;1;380;БВ2-06 КОР;24.12.2020;Дорохин Павел Владимирович
UAZ;4692912480;ОСЬ УШКА РЕССОРЫ;2;526,19;C3-13;28.02.2023;"ООО ""Паскер ЛТД"""
Nissan;5524095F0A;ОТБОЙНИК АМОРТИЗАТОРА;1;1132,8;Г6-04;21.09.2022;Emex
AMD;AMDSB1537;ОТБОЙНИК АМОРТИЗАТОРА ЗАДНЕГО УСИЛЕННЫЙ;1;322,48;ШКАФ Шрус;17.07.2023;Москворечье
REOFLEX;RXH01500;ОТВЕРДИТЕЛЬ MS 0.5Л;1;688,68;;18.04.2023;"ООО ""Паскер ЛТД"""
Totachi;41905;ОХЛАЖДАЮЩАЯ ЖИДКОСТЬ  SUPER LLC   RED   50;1;900;химия;16.08.2023;ИП Тунгусов Дмитрий Геннадьевич
Atas;AC003500O;ОЧИСТИТЕЛЬ АВТОКОНДИЦИОНЕРА PLAK 500МЛ ОКЕАН;1;426,87;химия;01.07.2022;"ООО ""Паскер ЛТД"""
Datsun;739415PA0A;ПOPУЧEHЬ ЛEB;1;115;И2-03/Кор.;19.08.2022;"ООО ""ГлобалСистемз"""
UNKNOWN BRAND;21081014050;ПАТРУБОК САПУНА 2108 МАЛЫЙ ОТ КЛАПАНОЙ КРЫШКИ К ВО;1;83;Г4-05;14.12.2022;АвтоРВ
Datsun;252605PA0B;ПЕРЕКЛ СТЕКЛООЧИСТ;1;344;Э1-12;22.12.2022;"ООО ""ГлобалСистемз"""
UNKNOWN BRAND;VSK00034559;ПЛАТА ЗАДНЕГО ФОНАРЯ ВАЗ 2115 БОКОВОГО ЛЕВАЯ ПРАВА;2;110,45;М1-23 К1;18.02.2022;АвтоРусь
Tork;TRK0650;ПОВТОРИТЕЛЬ ПОВОРОТА БЕЛЫЙ  ЛОГАН / ЛАРГУС;1;111;Э2-07;22.09.2022;Москворечье
Fiat / Alfa / Lancia;1317395080;Подвеска, Листовая Рессора;1;580;А1-14;25.10.2016;ИП Захаренко Сергей Олегович (Россошь)
Totem;5233002;ПОДКРЫЛОК ПЕРЕДНИЙ ПРАВЫЙ;1;1371,3;подкрылки;19.12.2022;ФА Логистик
Geely;GA7510002ATL;ПОДКРЫЛОК С ШУМОИЗОЛЯЦИЕЙ  ATLAS. 2017- ПЕРЕД;1;1100;Д4-8;28.09.2022;"ООО ""ГлобалСистемз"""
Автоарматура;PB02206;ПОДЛОКОТНИК ДЕКОРАТИВНЫЙ RENAULT DUSTER С 2015 ГNI;1;1546,78;T1-16;18.07.2022;"ООО ""Паскер ЛТД"""
KIA;458293B200;Подшипник;1;1244;Д1-03;09.08.2022;Автоспутник (новый)
Tatsumi;TDF1038;Подшипник;1;2865;H3-09;27.04.2022;ФА Логистик
Zommer;180203;ПОДШИПНИК  6203.2RS КОЛЕНВАЛА ВОЛГА,3307 ПЛАСТ;1;105;А2-05;13.12.2022;Профит Лига
Miles;GE16061;ПОДШИПНИК ВЫЖИМ.HONDA ACCORD IV-VIII|CIVIC VIII|CR-V II-III 1.8-2.4 02;1;976;H3-09;20.05.2022;Москворечье
Mecarm;MHB8533;ПОДШИПНИК ВЫЖИМНОЙ ГИДРАВЛИЧЕСКИЙ;1;3277,9;Д1-04;28.06.2022;ФА Логистик
autoSFEC;GR001326;ПОДШИПНИК ЗАДНИЙ A3/GOLF/CADDY/PASSAT/TOURAN 1.42;1;2000;H1-10|1;20.05.2022;Хлыстов Андрей Сергеевич (RACE-X)
Fag;545312A;Подшипник Ступицы Колеса;1;991,38;В4-12;16.05.2022;"ООО ""Паскер ЛТД"""
Zekkert;RL1493;ПОДШИПНИК СТУПИЦЫ КТ NISSAN ALMERA;1;1237,96;H2-14;15.04.2022;"ООО ""ФОРЕСТ"""
Zekkert;RL1049;ПОДШИПНИК СТУПИЦЫ ПЕРЕДНЕЙ;1;800,94;H2-13;13.02.2023;"ООО ""ФОРЕСТ"""
Coast to Coast;HM88648;ПОДШИПНИК ХВОСТОВИКА ЗАДНЕГО МОСТА ЗАДНИЙ JEEP 19;1;1293,6;Д1-03;20.05.2022;Emex
Rolf;322546;ПОЛУСИНТЕТИЧЕСКОЕ KRAFTON P5 U 10W40  20Л API CI-4|SL;1;5317;тамбур;15.03.2022;ИП Мясников  С.М
Metelli;240724A;Помпа;1;2395,8;;27.10.2023;Emex
Lada;2,10831E+13;ПОРШЕНЬ;4;142;ИГ-14;22.02.2023;АвтоРВ
P.M.C.;PXMSB012A;ПОРШЕНЬ KIA CARNIVALFL 9801 PMC 0K9Y211SA0;4;1320;ИГ--03;21.12.2022;"ООО ""Юрал"""
P.M.C.;PXMSA0591;ПОРШЕНЬ STD 24 ЦИЛ;1;4043;ИГ-14;24.08.2022;"ООО ""ФОРЕСТ"""
Hyundai / KIA;230412B920;ПОРШЕНЬ ДВИГАТЕЛЯ С ПАЛЬЦЕМ ORG;1;2003,24;ИГ-06 vozv;20.01.2022;АвтоЕвро
GKN;305104;ПРИВОД В СБОРЕ R;1;15166,6;Шрусы низ;25.10.2021;АвтоЕвро
VAG;N0160276;Пробка сливная маляного поддона двигателя;1;424,98;;08.07.2022;Гринлайт
Toya;65270;ПРОБНИК С ИНДИКАТОРОМ;2;168,71;Э1-05 кор угол;25.04.2022;"ООО ""Паскер ЛТД"""
Masuma;MG60039;Провода высоковольтные TOYOTA [MASUMA];1;2811,84;Э1-08;12.04.2023;Профит Лига
Bautler;BTL1111IW;ПРОВОДА ВЫСОКОВОЛЬТНЫЕ ВАЗ 1111  BTL1111 I;1;436,5;Э3-07;18.04.2022;"ООО ""Паскер ЛТД"""
ГАЗ;4,06241E+13;ПРОКЛ КЛАПАННОЙ КРЫШКИ  40624 409 УАЗ ЕВРО4 РЕЗИНА МОСКВА;1;120;А1-06;03.04.2023;АвтоРВ
Elring;499501;ПРОКЛAUDI A6S6 СЕДАН III 4F2C6;1;188;Стенд 2;10.02.2023;АвтоЕвро
FortLuft;256028;Прокладка;1;90;БВ1-01/Кор.2;19.04.2022;ИП Когтева Ольга Викторовна
Tirex;AS01447;ПРОКЛАДКА;1;271,2;стена KL;30.10.2023;Emex
P.M.C.;P1LB018;ПРОКЛАДКА ВПУСКНОГО КОЛЛЕКТОРА KIA CARNIVAL PMC;1;79,3;окно;20.07.2022;ФА Логистик
P.M.C.;P1MB005;ПРОКЛАДКА ВЫПУСКНОГО КОЛЛЕКТОРА GAZ;1;173,1;стена KL;05.05.2022;ФА Логистик
Bosal;256495;ПРОКЛАДКА ВЫПУСКНОЙ СИСТЕМЫ AUDI A4 | A6 | VW PASSAT 1.6-2.0 96-08;1;129;БВ1-01кор2;06.11.2020;Москворечье
Toyota;1745128070;Прокладка Выхлопной Трубы Металлографитовая;1;1129;БВ1-01 кор2;22.04.2022;Автоспутник (новый)
Masuma;MD0107424;ПРОКЛАДКА ГБЦ;1;1156;СТЕНА;10.05.2023;ФА Логистик
Parts-Mall;PGAM005;ПРОКЛАДКА ГБЦ HYUNDAI ACCENT | VERNA 1.5 DOHC;1;868;окно;03.06.2022;Москворечье
Elring;10100;Прокладка ГБЦ VW/TOYOTA TARO 89-94 2.2 [ELRING];1;1324,58;прокладки;02.05.2023;Профит Лига
Mitsubishi;MR571816;ПРОКЛАДКА ГЛУШИТЕЛЯ АСБЕСТОВАЯ;1;695,4;;30.12.2022;Emex
Glaser;X5313300;Прокладка кл кр Ford 2,0 DOHC Sierra/Scorpio -94;1;387;кор.2 прокл;25.10.2016;"Зюзин М.А. м-н ""Ралли"""
Parts Mall;P1GC004G;Прокладка Клапанной Крышки;1;77,83;КОР3/прокл;28.02.2023;Профит Лига
Parts-Mall;P1GC010;ПРОКЛАДКА КЛАПАННОЙ КРЫШКИ;1;143,68;;21.11.2022;Москворечье
P.M.C.;P1GA080;ПРОКЛАДКА КЛАПАННОЙ КРЫШКИ;1;449;окно К2;18.05.2022;Москворечье
ГАЗ;4,06241E+11;ПРОКЛАДКА КЛАПАННОЙ КРЫШКИ ЕВРО-3 ЗМЗ-406;1;102;А1-06;03.04.2023;АвтоРВ
Elring;444730;Прокладка коллектора;1;488;;13.07.2020;"ООО ""ТД ""Столица"""
Victor Reinz;703824400;Прокладка корпуса фильтра;1;355;стенд4vozv;10.10.2022;Автоспутник (новый)
P.M.C.;P1GA045;ПРОКЛАДКА КРЫШКИ КЛАПАНОВ;1;106,49;Оено/Кор.4;07.03.2023;Профит Лига
Elring;263380;Прокладка маслянного поддона RENAULT 97- 1.4/1.6/1.5dCi K4M/K7J/K7M/K9;1;1198,2;;27.10.2023;Emex
Parts-Mall;P1NA019;ПРОКЛАДКА ПРИЁМНОЙ ТРУБЫ HYUNDAI SONATA NF 08- | SONATA YF 10- | KIA B;2;224,05;Стена KL;05.08.2022;Профит Лига
Mazda;995641400;ПРОКЛАДКА СЛИВНОЙ ПРОБКИ;3;107,12;БВ2-02 кор1;17.08.2020;АвтоРусь
Mazda;995641400;ПРОКЛАДКА СЛИВНОЙ ПРОБКИ;1;79,53;БВ2-02 кор1;27.08.2021;АвтоРусь
Mazda;995641400;ПРОКЛАДКА СЛИВНОЙ ПРОБКИ;1;37,8;БВ2-02 кор1;05.05.2023;АвтоРусь
Parts-Mall;P1NA014;ПРОКЛАДКА ТРУБЫ ГЛУШИТЕЛЯ ПРИЕМНОЙ;1;63,62;БВ1-01К2;21.07.2022;АвтоЕвро
DT Spare Parts;623131;ПРОКЛАДКА ТУРБИНЫ;9;156;БВ1-01К2;25.07.2022;ФА Логистик
Mitsubishi;MD163246;ПРОКЛАДКА, ВПУСКНОЙ КОЛЛЕКТОР;1;199,45;Стенд 2;15.02.2021;АвтоРусь
Victor Reinz;703136600;ПРОКЛАДКА, ВПУСКНОЙ КОЛЛЕКТОР;1;596;стена прок. VR;22.08.2022;"ООО ""Юрал"""
Corteco;450136H;ПРОКЛАДКА, ВПУСКНОЙ КОЛЛЕКТОР;3;330;Окно пр-ки/Кор.7;01.06.2022;ИП Когтева Ольга Викторовна
Victor Reinz;715280700;ПРОКЛАДКА. ВПУСКНОЙ КОЛЛЕКТОР;1;282,6;Стена прокладки;20.03.2023;Профит Лига
Cummins;3865235;ПРОКЛАДКА. ВЫПУСКНОЙ КОЛЛЕКТОР;1;148,5;окно прок,;11.11.2022;"ООО ""ГРУЗАВТОЦЕНТР"""
Victor Reinz;713113100;ПРОКЛАДКА. КРЫШКА ГОЛОВКИ ЦИЛИНДРА;1;179,04;Прокладки окно;04.11.2022;Москворечье
VAG;7D0711202;ПРОМЕЖУТОЧНЫЙ РЫЧАГ;1;1155;Стенд 3;27.02.2023;ИП Панкова Ирина Евгеньевна
Ново-Уфимский НПЗ;4602;Промывочное масло МПА-2;1;376,1;;10.08.2022;АвтоРВ
Just Drive;JJS2232;ПРУЖИНА ЗАДНЯЯ AUDI;2;1803,25;Н3-15;17.04.2023;"ООО ""ДонАвто"""
Fenox;SPR16071;ПРУЖИНА ПОДВЕСКИ MB VITOW639 BUS|VIANO 9|03- ПЕРЕДНЯЯ;2;1625,25;аморт;23.05.2022;Москворечье
Zekkert;SF2121;ПРУЖИНА ПОДВЕСКИ ПЕРЕДН. ЗАКАЗЫВАТЬ 2 ШТ.|ЦЕНА ЗА;2;1215,38;н1-15;20.04.2023;"ООО ""ФОРЕСТ"""
Фобос;78565;ПРУЖИНА СТАНД. ШАГ 21099 ЗАДНЯЯ УСИЛЕННА К-Т 2ШТ;2;753;T1-00;24.03.2023;"ООО ""Паскер ЛТД"""
Lesjofors;4085723;ПРУЖИНА ХОДОВОЙ ЧАСТИ;1;4552,32;H1-14;11.07.2022;"ООО ""ФОРЕСТ"""
VAG;032121142D;Пружинная защелка;1;214,9;Стенд 3;01.03.2023;АвтоЕвро
NK;7923298;ПРУЖИНЫ ПРИЖИМНЫЕ ДИСКОВЫХ КОЛОДОК К-Т.FIAT | FORD | HONDA | TOYOTA |;1;300,86;Стена KL vovz;11.07.2022;"ООО ""ФОРЕСТ"""
LYNXauto;PR66622;ПЫЛЬНИК;2;396;T2-0/K2;25.11.2022;Гринлайт
Jikiu;CS21042;ПЫЛЬНИК АМОРТИЗАТОРА MAZDA MAZDA 3 BK 2003-2008;2;519;Г7-04;30.08.2022;Автоспутник (новый)
Febest;0173GRN21PCS2;ПЫЛЬНИК ВТУЛКИ НАПР.ТОРМ.СУПП. 2 ШТ. В УПАКОВКЕ TOYOTA LAND CRUISER PR;2;88,5;T2-0кор2;11.07.2022;АвтоЕвро
Zekkert;SM5005;ПЫЛЬНИК ПЕРЕДНЕГО АМОРТИЗАТОРА;2;401,42;шрус;26.04.2023;"ООО ""ФОРЕСТ"""
Meyle;1004220001;Пыльник р/рейки Pas;1;358;T2-00кор/3;08.08.2022;ФА Логистик
Febi;17080;Пыльник рул рейки  УНИВЕРСАЛЬНЫЙ;1;620;Стенд 1;15.08.2016;Основной поставщик
P.M.C.;PXCPB001;ПЫЛЬНИК РУЛЕВОЙ KIA SEPHIA 9497 БЕЗ ГУ;2;150,7;Г5-03;01.08.2022;Профит Лига
Parts-Mall;PXCPB002;ПЫЛЬНИК РУЛЕВОЙ РЕЙКИ HYUNDAI H-1 | GRAND STAREX 07-;5;252,86;Т2-0-К1;07.03.2022;Гринлайт
янв.56;5489;Пыльник рулевой тяги комплект;2;208,74;T2-00кор4;16.01.2023;Автоспутник (новый)
Febest;1015T255T;ПЫЛЬНИК ШРУС ВНУТРЕННИЙ КОМПЛЕКТ 66.5X96X23.3;1;1036;шрусы;29.03.2023;"ООО ""Юрал"""
Meyle;1004980139;Пыльник шруса;1;843,81;шрусы;31.03.2023;"ООО ""Юрал"""
янв.56;2144;ПЫЛЬНИК ШРУСА;1;476,93;шрусы;26.08.2022;"ООО ""ФОРЕСТ"""
Maruichi 156;71427;Пыльник шруса;1;380,24;шрусы;12.04.2023;"ООО ""ДонАвто"""
Onnuri;GZBH123;ПЫЛЬНИК ШРУСА HYUNDAI LAVITA 01-. MATRIX 01-;2;165;Шкаф шрус;26.12.2022;"ООО ""Юрал"""
P.M.C.;PXCWB206;ПЫЛЬНИК ШРУСА ВНУТРЕННИЙ;1;262;T2-0 k1;10.05.2023;Автоспутник (новый)
Autofren;D7057C;Р-кт напр.суппорта TOYOTA CELICA (_T23_)/COROLLA (_E12_)/COROLLA;1;376;БВ1-11;20.04.2022;Москворечье
Lavr;LN1323;РАЗМОРАЖИВАТЕЛЬ СТЕКОЛ АНТИЛЕД;1;211,75;ХИМ;09.01.2023;Аркона
Cargen;AX330;РАЗЪЕМ К ДАТЧ.ФАЗ РАСПРЕДЕЛИТЕЛЬНОГО ВАЛА НА 8МИ,;1;78,9;Стенд 3;16.11.2022;АвтоРусь
Утес;RDT380;РЕГУЛЯТОР ДАВЛЕНИЯ ТОПЛИВА В УТ С УП50 ШТ;2;510,11;Э2-06;06.12.2022;"ООО ""Паскер ЛТД"""
Luzar;LFR1076;РЕЗИСТОР Э/ВЕНТ. ОТОП. ДЛЯ А/М FORD FOCUS II 05;1;894;Э2-08;09.12.2022;Москворечье
DT Spare Parts;463013;РЕЛЕ СТАРТЕРА ВТЯГИВАЮЩЕЕ;1;3464,2;Э3-10;06.03.2023;ФА Логистик
SKF;VKMA06021;Рем. к-т ГРМ Renault 1,6 02-;1;8055,6;;27.10.2023;Emex
General Motors;96416337;Ремень;1;244;И3-01;27.04.2022;ИП Когтева Ольга Викторовна
Toyota;90916W2007;Ремень Corolla Avensis;1;1776;И3-12;27.04.2022;Автолюкс-Шкода
Snr;KD48401;Ремень ГРМ [105 зуб., 22mm] + 2 ролика;1;5425;H3-11;25.08.2022;ФА Логистик
Dayco;941060;Ремень ГРМ [163 зуб., 20mm];1;3331,2;Щ2-18;25.07.2022;Emex
Gates;5479XS;РЕМЕНЬ ГРМ HYUNDAI ACCENT/VERNA/GETZ/ELANTRA/KIA R;1;1674,78;И2-12;19.01.2023;Аркона
Gates;5479XS;РЕМЕНЬ ГРМ HYUNDAI ACCENT/VERNA/GETZ/ELANTRA/KIA R;1;1674,78;И2-12;20.01.2023;Аркона
Dongil;AVX10X1075LA;РЕМЕНЬ КЛИНОВОЙ;1;222;размер;14.06.2022;ФА Логистик
Masuma;4PK945;РЕМЕНЬ ПОЛИКЛИНОВОЙ;1;402;;14.04.2022;ФА Логистик
Bosch;1987947914;Ремень поликлиновой [1987947914];1;631;5PK 580-975 И3-02;18.07.2022;Гринлайт
AE;SVB101010;Ремень Приводной Клиновый;1;155;Н2-14;29.05.2023;Основной поставщик
Gates;5473XS;Ремень Приводной Поликлиновой;1;2569,05;И2-14;02.11.2022;АвтоЕвро
Dayco;6PK1820;Ремень руч Dayco;1;965,4;размер;27.10.2023;Emex
Dongil;6PK1710;Ремень ручейковый;1;752;;03.10.2022;ФА Логистик
Dayco;KTC1001;Ремкомплект ГРМ [цепь,натяжитель,3 звездочки,2 успокоителя];1;12092,4;H3-11;26.08.2022;Emex
LSA-SAL;3170175212;РЕМКОМПЛЕКТ КПП 2123 CHEVY NIVA 5СТУП LSA;1;3148,05;B4-15;12.10.2022;"ООО ""Паскер ЛТД"""
ЧМЗ;2912012;РЕССОРА ЗАДНЯЯ МАЗ5336 12 ЛИСТОВ L 1838 ММ;2;6841,1;Шрусы пол;01.07.2022;"ООО ""Паскер ЛТД"""
Polcar;57122713;РЕШЕТКА;1;2000;B4-19;02.09.2019;"ООО ""Ромавто"""
Chery;A132803535;РЕШЕТКА БАМПЕРА BONUS ПЕР L A132803535;1;400;A3-15;10.12.2021;АВТОКУЗОВ
Fenox;R34105;РОЛИК НАПРАВЛЯЮЩИЙ ПОЛИКЛИНОВОГО РЕМНЯ;1;890;H2-15;06.02.2023;ФА Логистик
Djb;EBT1904;РОЛИК НАТЯЖИТЕЛЯ РЕМНЯ;1;741,9;г4-04;19.04.2022;Гринлайт
Renault;8200603359;Ролик натяжной Renault;1;3120;Р6-11/Кор,ориг;30.10.2023;Emex
Zekkert;SR1122;РОЛИК НАТЯЖНОЙ РЕМНЯ ГРМ PEUGEOT 106 91-  206 98-;1;543,88;Э4-08;14.09.2022;"ООО ""ФОРЕСТ"""
INA;532022510;РОЛИК ОБВОДНОЙ РЕМНЯ ГРМ;1;2200;Н3-13;11.04.2022;ИП Когтева Ольга Викторовна
GS;3GS0340;РУЛЕВАЯ РЕЙКА AUDI A3 2003,SEAT ALTEA 2004,SEAT;1;54000;окно ремни PK;04.05.2023;"ООО ""АгроЦентрЛиски"""
AywiParts;AW1370101LR;РУЛЕВАЯ ТЯГА L|R;2;384,98;C2-12;08.07.2022;Москворечье
SWAG;30924390;Рычаг подвески;2;474;Г3-12/Кор.1;04.05.2023;ФА Логистик
Sidem;863631;РЫЧАГ ПОДВЕСКИ;1;506;кор16 вт;01.07.2022;Гринлайт
Sidem;863604;Рычаг Подвески;2;444;A2-02;17.05.2022;Гринлайт
Marshall;M8050012;РЫЧАГ ПОДВЕСКИ ПЕРЕДН. ПРАВ. LADA LARGUS 12-|RENAULT LOGAN 04-|SANDERO;1;1956;Д4-01;03.05.2022;Автоспутник (новый)
Fixar;FQ0353L;Рычаг подвески передний верхний левый;1;2074;Д4-11;13.06.2022;ФА Логистик
Fixar;FQ0353R;Рычаг подвески передний верхний правый;1;2074;Д4-11;13.06.2022;ФА Логистик
SpeedMate;SMBKK006;С-Б.ЗАД.РЫЧАГА HYUNDAI ELANTRA 2006-2011. GRANDEUR;2;200,85;C3-09 КОР3;21.11.2022;АвтоЕвро
Febest;CHAB003;САЙЛЕНБЛОК;1;645;C3-11;15.08.2022;ФА Логистик
Akitaka;1201CD1;САЙЛЕНБЛОК ЗАДНЕГО ПРОДОЛЬНОГО РЫЧАГА УШАСТЫЙ;1;575;C3-11;02.12.2015;Шилов Виталий Витальевич
Ruville;985048;Сайлент бл BMW;1;320;C3-07;12.02.2016;Основной поставщик
Febi;10814;САЙЛЕНТБЛОК;2;351,05;A5-07;25.04.2023;Москворечье
Fenox;CAB60002;Сайлентблок;2;1174;C3-09;08.04.2022;Автоспутник (новый)
CTR;GV0086;Сайлентблок;1;500;C3-09 КОР2;16.05.2022;ФА Логистик
Just Drive;JDN2432WS;САЙЛЕНТБЛОК;2;237,66;C3-04 КОР2;12.04.2023;"ООО ""ДонАвто"""
Febi;31092;САЙЛЕНТБЛОК FIAT | PSA JUMPER | BOXER | DUCATO 06- ПЕРЕДН.ПОДВ. ПЕРЕДН;1;495;C3-04;01.06.2018;"ООО ""Ромавто"""
Masuma;RU476;Сайлентблок Masuma;1;1200;C3-10 КОР3;29.08.2022;"ООО ""ГлобалСистемз"""
Masuma;RU576;Сайлентблок крепления задн. редуктора задн.;2;540;C3-11 КОР2;31.05.2022;ФА Логистик
Febest;CHAB023;САЙЛЕНТБЛОК ПЕРЕДНЕГО РЫЧАГА;1;660;C3-07;17.10.2022;"ООО ""Юрал"""
GSP;517771;САЙЛЕНТБЛОК ПЕРЕДНИЙ ВЕРХНИЙ ЗАДНЕГО РЫЧАГА TOYOTA;2;730,68;A5-04;23.01.2023;"ООО ""ФОРЕСТ"""
Lemferder;3401901;Сайлентблок подвески;2;1929;C3-11;12.08.2022;ФА Логистик
Jikiu;YF22003;САЙЛЕНТБЛОК РАМЫ;4;1495;C3-10;06.10.2022;Автоспутник (новый)
Tatsumi;TEF1516;САЙЛЕНТБЛОК РЫЧАГА HONDA ACCORD 02-12 ПЕР.ПОДВ.ЗАД.;2;668;C3-06 КОР3;15.04.2022;ФА Логистик
Parts-Mall;PXCBB034RU;САЙЛЕНТБЛОК РЫЧАГА KIA SPORTAGE/HYUNDAI IX35 09- З;1;316;C3-09 КОР2;24.10.2022;"ООО ""ФОРЕСТ"""
Jikiu;BH23079;САЙЛЕНТБЛОК РЫЧАГА MITSUBISHI LANCER 00-09 | OUTLANDER 02-06 ЗАД.ПОДВ.;2;552;C3-04 КОР3;04.05.2023;ФА Логистик
Tatsumi;TEF1555;САЙЛЕНТБЛОК РЫЧАГА NISSAN MICRA 02- ПЕРЕД.ПОДВ.ПЕРЕД.;2;416;C3-09 КОР2;15.04.2022;ФА Логистик
Sidem;863642;Сайлентблок рычага передн. задн.;1;667;C3-06 КОР3;12.08.2022;Гринлайт
FranceCar;FCR20SP306;САЙЛЕНТБЛОК РЫЧАГА ПЕРЕДНЕГО НАРУЖНЫЙ;2;122;C3--09 КОР3;15.06.2022;Москворечье
JapKo;GOJ2473;САЙЛЕНТБЛОК РЫЧАГА ПОДВЕСКИ;2;189,59;C3-04 КОР2;06.02.2023;Москворечье
Corteco;19033885B;САЛЬНИК ДИФФЕРЕНЦИАЛА АКПП 40X63X8.6;1;662,3;Р4-01/кор1;06.12.2022;ФА Логистик
LYNX;SO0298;Сальник к/вала, р/вала TOYOTA передний 42x60x7 [LYNX];1;84;P4-01/Kop.5;28.02.2023;Профит Лига
AMD;AMDSG248;САЛЬНИК РАСПРЕДВАЛА;1;156;P4-01 кор 1;06.04.2023;ФА Логистик
AMD;SG251;САЛЬНИК РАСПРЕДВАЛА DOHC 16V;2;103;P4-01кор3;21.10.2022;"ООО ""Юрал"""
NONAME;2,12318E+12;САЛЬНИК ХВОСТОВИКА;1;327;Стенд 3;31.10.2022;Основной поставщик
NONAME;1701210;САЛЬНИК ХВОСТОВИКА РЕДУКТОРА ЗАДНЕГО МОСТА УАЗ 20 ПРОСТОЙ МОСТ;1;23,04,2023;P4-01К2;30.09.2021;"ООО ""Паскер ЛТД"""
General Motors;96990231;СВЕЧА ЗАЖИГАНИЯ;1;652,62;БВ2-СВЕЧИ;30.01.2023;АвтоЕвро
General Motors;1214112;Свеча Зажигания;1;664,8;Дн1-02;20.04.2022;Emex
Hyundai/KIA;1884111051;СВЕЧА ЗАЖИГАНИЯ;2;287,14;БВ2-СВЕЧИ;10.02.2023;Автоспутник (новый)
Champion;OE198T10;СВЕЧА ЗАЖИГАНИЯ;1;429;ДН-02 vozv;06.12.2022;"ООО ""Юрал"""
Bosch;242235743;Свеча зажигания;1;630;ДН1-03;22.06.2022;ИП Когтева Ольга Викторовна
Beru;Z200;СВЕЧА ЗАЖИГАНИЯ 14 F-7 HUR2;3;195;ДН1-02;12.10.2017;Автоспутник
Beru;Z200;СВЕЧА ЗАЖИГАНИЯ 14 F-7 HUR2;1;602,57;ДН1-02;25.07.2022;Москворечье
Denso;K20TT4;СВЕЧА ЗАЖИГАНИЯ 46044;1;293,92;Г1-08;16.09.2022;Аркона
Hyundai / KIA;1884611070;Свеча зажигания Hyundai Santa Fe/Kia Sorento 2.4;4;421;ckl v;09.01.2020;Модус-ВН
Hella;8EH188706311;СВЕЧА ЗАЖИГАНИЯ IRIDIUM PRO;4;677;;10.04.2023;ФА Логистик
Torch;K5RPU11;Свеча зажигания с платиновым электродом;2;231,4;ДН1-02;05.04.2022;ФА Логистик
Beru;GV602;СВЕЧА НАКАЛИВАНИЯ;4;592,9;ДН1-02;15.03.2022;Автоспутник (новый)
Magneti marelli;62900116304;СВЕЧА НАКАЛИВАНИЯ 11V 144 MM.;4;962,8;ДН1-02;09.01.2023;ФА Логистик
Lada;1,11704E+13;СИГНАЛ ТОРМОЖЕНИЯ ДОПОЛНИТЕЛЬНЫЙ;1;381;;10.04.2023;АвтоРВ
TRW;BDA1001;Скоба Тормозного Суппорта;1;3167,1;Б2-17;13.09.2022;АвтоЕвро
Lucas;PFG110;СМАЗКА ПЛАСТИЧНАЯ 25Г;1;400;химия;08.08.2022;АвтоРусь
Agrinol;4,82307E+12;СМАЗКА ШРУС-4 АГРИНОЛ 0.4КГ 36;1;306;химия;19.12.2022;АвтоРВ
Toyota;9098011964;СОЕДИНИТЕЛЬ;1;695;Стенд 4;12.09.2022;Автолюкс-Шкода
VAG;4A1857536AA;Стекло зеркало электр.R A-100/A3/ A4/ A6  94- 4A1857536AA;1;1400;М1-23 К1;29.11.2016;"Зюзин М.А. м-н ""Ралли"""
P.M.C.;PXCLB042L;СТОЙКА СПУ ПЕР ЛЕВАЯ;2;595;A5-13;14.04.2022;"ООО ""Юрал"""
Daewoo;96561754;СТОЙКА СТАБИЛИЗАТОРА;2;700;Д4-13;12.05.2022;ИП Когтева Ольга Викторовна
Zekkert;SS1145;Стойка стабилизатора;1;715,6;C1-09;18.04.2022;"ООО ""ФОРЕСТ"""
NK;5112213;Стойка стабилизатора;1;510;C1-10;31.05.2022;ИП Когтева Ольга Викторовна
Zekkert;SS1473;СТОЙКА СТАБИЛИЗАТОРА;1;581,07;А4-11;21.03.2023;"ООО ""ФОРЕСТ"""
Kormax;KSL013;СТОЙКА СТАБИЛИЗАТОРА. ПЕРЕДНЯЯ CLKH30;2;408;C1-12;05.04.2023;"ООО ""ДонАвто"""
WEWELER;B179M24A065;СТРЕМЯНКА РЕССОРЫ;2;1643,5;А1-05;10.05.2023;ФА Логистик
Japan Cars;H23022JC;Ступица в сборе с подшипником задняя;1;2200;В4-09;14.04.2022;ИП Когтева Ольга Викторовна
Fenox;WHB81263;СТУПИЦА В СБОРЕ С ПОДШИПНИКОМ ПЕРЕДНЯЯ;1;2152;H3-07;15.08.2022;Москворечье
AywiParts;AW2220383;СТУПИЦА ЗАДНЯЯ HONDA ACCORD 2.0 98-03;1;2218,71;H2-14;21.03.2022;Москворечье
Asva;HYWHX35F;СТУПИЦА ПЕРЕДНЯЯ;1;2583,5;H1-10\1;06.06.2022;Основной поставщик
Asva;HYWHX35F;СТУПИЦА ПЕРЕДНЯЯ;1;2583,5;H1-10\1;24.06.2022;Основной поставщик
Fag;60032RSRC3;ступичный подшипник;1;456,5;Д1-05;27.02.2023;АвтоЕвро
Masuma;MW21008;СТУПИЧНЫЙ УЗЕЛ;1;4527;H2-11;06.06.2022;ФА Логистик
Ossca;4732;Суппорт Задний Левый / Audi 100, A6 93  96;1;3510;Б1-19;21.06.2022;ИП Когтева Ольга Викторовна
Fenox;CTC4512;СУППОРТ ПЕРЕДНИЙ ПРАВЫЙ D45;1;3590;Б3-03;06.06.2022;Москворечье
NK;213544;Суппорт тормозной;1;2271;Б2-05;19.04.2023;Автоспутник (новый)
Начало;2,12116E+12;СЦЕПЛЕНИЕ |2121-21213-21214|;1;1688,31;Б1-000;06.05.2022;"ООО ""Паскер ЛТД"""
Начало;2,12116E+12;СЦЕПЛЕНИЕ |2121-21213-21214|;1;1688,31;Б1-000;13.05.2022;"ООО ""Паскер ЛТД"""
Начало;21031601085;СЦЕПЛЕНИЕ ВАЗ 2103;2;1722,83;A4-00;13.04.2022;"ООО ""Паскер ЛТД"""
NONAME;10871;СЪЕМНИК ПОДШИПНИКОВ СТУПИЦ 2108099 ЦИНК;1;388,8;А4-10vozv;11.11.2022;"ООО ""Паскер ЛТД"""
Mahle / Knecht;TX16387D2;ТЕРМОСТАТ;1;4299;M1-03 кор 1;12.09.2022;Emex
Meyle;1155230018;Торм.диск;2;1983,8;A5-00;01.08.2022;ФА Логистик
Brembo;08B41311;ТОРМОЗНОЙ ДИСК;2;3392,39;A5-00;16.08.2022;Профит Лига
Nipparts;J3305038;ТОРМОЗНОЙ ДИСК;1;457,78;Б2-0 vozv;18.05.2020;Москворечье
AcDelco;19374539;ТОРМОЗНОЙ ДИСК;1;1374,63;Б2-00;15.03.2022;Москворечье
ABS;18408;ТОРМОЗНОЙ ДИСК;2;5026,2;Б3-00;23.08.2022;Emex
Konstein;5110027;Тормозной Суппорт 5110027;1;1560;В3-15;21.06.2022;ИП Когтева Ольга Викторовна
AGA;009L;ТОСОЛ L40 ГОТОВЫЙ К ПРИМЕНЕНИЮ ЗЕЛЕНЫЙ 40С 10L;1;1239;Химия;31.08.2022;АвтоЕвро
UAZ;4,52351E+11;ТРОС В СБОРЕ;1;176,27;А1-03;03.04.2023;"ООО ""Паскер ЛТД"""
P.M.C.;PTA086;ТРОС ВЫБОРА ПЕРЕДАЧ MT;1;1642,8;ТРУБКИ (ТРМОЗ);09.01.2023;ФА Логистик
Parts-Mall;PTA157;ТРОС РУЧНИКА ЛЕВЫЙ ДИСК;1;1006;тросы;13.03.2023;"ООО ""Юрал"""
NK;9025188;Трос ручного тормоза;2;531,16;Тросы середина;08.02.2023;Автоспутник (новый)
Delta;S31027;Трос спидометра Golf II/Jetta II 1.3;1;290;Тросы середина;11.01.2016;Основной поставщик
TRW;GCH655;ТРОС. СТОЯНОЧНАЯ ТОРМОЗНАЯ СИСТЕМА;1;1776,2;Тросы/ Сцепление;11.01.2023;ФА Логистик
ACS Termal;108000;Трубка системы охлаждения;1;1305,6;Трубки тормозные/Зал;27.02.2023;"ООО ""ФОРЕСТ"""
Lada;2,11791E+13;ТРУБКА ТОПЛ.ТРУБОПРОВОДА В СБ;1;584,81;Стена трубки;09.01.2023;Воронеж-Авто-Сити
Daimler AG;A6560705400;ТРУБКА ТОПЛИВНАЯ 4-6;1;4278;И2-03/Кор.;14.04.2023;"ООО ""АврораАвто"""
Трейлер;212301P;ТСУ ФАРКОП 2123 С 2009 Г. РЕСТАЙЛИНГ С ЭЛЕКТРИК;1;2083;;16.12.2019;Тота_ООО
LYNXauto;C7420LR;ТЯГА / СТОЙКА, СТАБИЛИЗАТОР;2;763;Д4-22;16.11.2022;Гринлайт
Febi;41630;ТЯГА | СТОЙКА. СТАБИЛИЗАТОР;1;324;;11.01.2023;"ООО ""Юрал"""
Lemforder;3914501;ТЯГА | СТОЙКА. СТАБИЛИЗАТОР LEXUS NX TOYOTA RAV 4;1;762,44;C1-09;19.01.2023;Профит Лига
555;SLT220M;ТЯГА ПЕР.СТАБИЛ.Л/ПР. TOYOTA COROLLA,AURIS,RAV4 0;2;1648,8;Д4-16;10.05.2022;Emex
555;SR4880;ТЯГА РУЛЕВАЯ;1;976,56;C2-12;11.04.2022;"ООО ""ФОРЕСТ"""
GMB;8010710;Тяга рулевая;2;400;C2-12;20.04.2022;ИП Когтева Ольга Викторовна
Miles;DC39045;ТЯГА РУЛЕВАЯ CHEVROLET AVEO/KALOS 02- ЛЕВ/ПРАВ.БЕЗ;2;471;A5-09;07.02.2023;Москворечье
Febest;0222J10F;ТЯГА РУЛЕВАЯ NISSAN X-TRAIL | QASHQAI 07- ЛЕВ | ПРАВ.БЕЗ НАКОНЕЧНИКА;2;684;C2-06;18.04.2022;Москворечье
FREIGHTLINER;463DS4619B;ТЯГА РУЛЕВАЯ ПРОДОЛЬНАЯ FLC;1;2025;А1-02;12.10.2022;"ООО ""ГРУЗАВТОЦЕНТР"""
Fixar;FP0736;ТЯГА СТАБИЛИЗАТОРА;1;622;C1-12;22.08.2022;"ООО ""Юрал"""
Moog;MILS7383;ТЯГА СТАБИЛИЗАТОРА MITSUBISHI LANCER 00-09 ЗАД.ПОДВ.;1;544;Д4-22;23.05.2019;ФА Логистик
JTC;1367509;УДЛИНЕННАЯ ВСТАВКА 10ММ СПЛАЙН М9Х75ММ S2  1367;1;99;Г7-06 КОР 1;09.01.2023;АвтоЕвро
Дело Техники;609025;УДЛИНИТЕЛЬ 1/4 Х250ММ ДТ/150;1;89,6;;23.03.2020;Автометиз безнал
NONAME;11186103300PLASTEKPA;УПЛОТНИТЕЛЬ БОКОВЫХ СТЕКОЛ 1118 КАЛИНА ВОРСАЛАНОВЫ;1;652,01;ВИТРИНА;08.02.2023;"ООО ""Паскер ЛТД"""
VAG;N90666003;УПЛОТНИТЕЛЬНОЕ КОЛЬЦО;1;101,92;Э1-04кор2;20.01.2023;Автоспутник (новый)
Victor Reinz;813387100;УПЛОТНЯЮЩЕЕ КОЛЬЦО, РАСПРЕДЕЛИТЕЛЬНЫЙ ВАЛ;2;351;Р4-01 кор 4;24.08.2022;Автоспутник (новый)
Porsche;95B512131С;УПОР АМОРТИЗАТОРА;1;5277,74;БВ1-03 кор1;23.06.2022;"ООО ""АврораАвтоспорт"""
Fenox;A904002;Упор Газовый L=299, L=224, 710N;1;573;А1-11;09.03.2023;Автоспутник (новый)
Fenox;A908181;УПОР ГАЗОВЫЙ VW PASSAT II 80-94;2;403;Д4-05;24.10.2022;Автоспутник (новый)
Gamma;GMFL4029;ФАРА ПРОТИВОТУМАННАЯ ВАЗ 2110  С ЛАМПОЙ  К-Т 2;1;388;обмен;03.10.2022;ИП Мясников  С.М
Mando;EAF00117T;Фильтр воздушный;1;308,8;Т3-08;05.05.2023;ФА Логистик
Parts-Mall;PAC014;ФИЛЬТР ВОЗДУШНЫЙ CHEVROLET REZZO 00-;1;280;T4-07;15.04.2022;ИП Когтева Ольга Викторовна
Lada;8450033130;ФИЛЬТР ВОЗДУШНЫЙ VESTA. X-RAY. LARGUS ДВИГ.ВАЗ С 12.08.2019;1;727,15;T2-06;10.02.2023;Воронеж-Авто-Сити
Hyundai / KIA;4633623010;ФИЛЬТР МАСЛЯННОГО НАСОСА;1;133,8;стенд 3;25.09.2020;Emex
Filtron;OP520T;Фильтр маслянный;1;375,45;Г3-06;26.07.2022;Москворечье
AMD;FL719;ФИЛЬТР МАСЛЯНЫЙ;1;265,52;Г2-07;22.09.2022;Профит Лига
Mahle / Knecht;OC295;ФИЛЬТР МАСЛЯНЫЙ SKODA FABIA | FELICIA | OCTAVIA | VW GOLF 3 | 4 | 5 |;1;553,35;Г1-08;15.07.2022;"ООО ""Паскер ЛТД"""
GREEN FILTER;IF0153K;ФИЛЬТР САЛОНА;1;410;C6-10;31.03.2023;ФА Логистик
GREEN FILTER;IF0262;Фильтр салона;1;338;C6-06;02.02.2023;ФА Логистик
Miles;AFC1294;ФИЛЬТР САЛОНА VAG A1 | IBIZA | FABIA | ROOMSTER | POLO УГОЛЬНЫЙ;1;560;Т1-13;11.04.2022;Москворечье
Nordfil;CN1041K2;ФИЛЬТР САЛОНА УГОЛЬНЫЙ КОМПЛЕКТ 2 ШТ. BMW 5  6  7;1;501,83;т3-03;10.01.2023;"ООО ""ФОРЕСТ"""
ASIN;ASINFC2733A;ФИЛЬТР САЛОННЫЙ АНТИБАКТЕРИАЛЬНЫЙ. УГОЛЬНЫЙ;3;261,25;C6-10;20.03.2023;"ООО ""Юрал"""
SCT Germany;ST326;ФИЛЬТР ТОПЛИВНЫЙ;1;575,8;Г3-05;28.03.2022;Автоспутник (новый)
Masuma;MFFT175;Фильтр топливный TOYOTA/LEXUS CAMRY/ES200 17-;1;3596;С5-15;12.12.2022;Профит Лига
Depo;0844110606LF;Фонарь Гольф левый передний;1;300;Ж-05;23.07.2021;Основной поставщик
Bosal;252260;Хомут =250260 5016051;1;79;Т1-000кор;09.11.2016;"Зюзин М.А. м-н ""Ралли"""
UNKNOWN BRAND;SIL4447RB41;ХОМУТ 44-47 СИЛОВОЙ;2;75,14;бв1-01 кор2;26.01.2023;"ООО ""Паскер ЛТД"""
Avtostandart;2,12302E+13;ЦИЛИНДР СЦЕПЛЕНИЯ РАБОЧИЙ ВАЗ 2123 ШЕВИ-НИВА AVTO;1;522,5;А1-08;14.12.2020;Автометиз безнал
NK;803751;ЦИЛИНДР ТОРМОЗНОЙ РАБОЧИЙ;1;411;Д1-04;06.04.2023;Автоспутник (новый)
Volvo;31659816;ЧЕХОЛ КЛЮЧА ДЕРЕВО ЧЕРНЫЙ ХС90 31439211 SCRAP .;1;6341,25;A2-14;26.12.2022;"ООО ""СОКРАТ"""
Ford;1605196;Шайба балансировочная;2;250;БВ2-06 Кор3;04.02.2015;Асессоров АВ_ИП
Lavr;LN2267;ШАМПУНЬ 20 Л. GREEN СУПЕРКОНЦЕНТРАТ;5;1429,31;химия;31.01.2023;Аркона
Mahle / Knecht;034PS18670050;ШАТУННЫЙ ПОДШИПНИК;1;321,41;ИГ-05;;
UAZ;3,16E+14;ШКВОРЕНЬ ПОВОРОТНОГО КУЛАКА УАЗ;4;150;БВ2-07;26.08.2022;"ООО ""ГлобалСистемз"""
Parts-Mall;PXPDCC002;Шкив Генератора Pxpdcc002;1;497,97;стена KL;04.05.2022;Москворечье
Lada;2,10304E+13;ШЛАНГ ВАКУУМНОГО УСИЛИТЕЛЯ;1;163,8;И3-13/Кор2;19.04.2023;Воронеж-Авто-Сити
BSG;BSG90720155;ШЛАНГ ИНТЕРКУЛЕРА VW TRANSPORTER T-5 2.0 TDI 10;1;3972;И3-01 кор;09.03.2023;"ООО ""Юрал"""
Lada;1,11804E+13;ШЛАНГ ТОРМОЗНОЙ 1118, 2108, 2110 ПЕРЕДНИЙ;1;258,5;Д1-06/Кор.;20.02.2023;Воронеж-Авто-Сити
NK;852646;ШЛАНГ ТОРМОЗНОЙ РЕЗИНОВЫЙ;2;357;Д1-06кор;27.07.2022;Автоспутник (новый)
Ruville;75352S;Шрус;1;2500;Шрусы;10.04.2022;ИП Когтева Ольга Викторовна
Miles;GA20770;ШРУС MERCEDES W164 НАР.;1;2857;шрусы;05.08.2022;Москворечье
Zekkert;GS5215;ШРУС ВНЕШНИЙ LADA LARGUS 12 МКПП;1;1734,24;шрус;26.04.2023;"ООО ""ФОРЕСТ"""
Zekkert;GS4789;ШРУС ВНУТР. HYUNDAI COUPE II 01- ELANTRA III 00-;1;2287,63;шрусы;12.04.2023;"ООО ""ФОРЕСТ"""
Zekkert;GS3883;ШРУС НАР. 222247 FIAT PALIO 178DX 01;1;1401,02;ШКАФ ШРУСЫ;09.01.2023;"ООО ""ФОРЕСТ"""
Trialli;GO2011;ШРУС НАРУЖ. ДЛЯ А/М PEUGEOT 207 06/307 06 1.;1;2092,64;Шрусы;10.03.2023;Аркона
Trialli;GO1705;Шрус Наруж. Для А/М Ssangyong Musso 94/Тагаз Ro;2;2878,4;шрусы;28.02.2023;Москворечье
Fenox;CV16241;ШРУС НАРУЖ.КОМ|КТ;1;2196,96;Шрусы;30.03.2023;Аркона
Miles;GA20746;ШРУС НАРУЖНИЙ;2;1900;шрусы;31.08.2022;Москворечье
Trialli;GO1812;ШРУС НАРУЖНЫЙ;1;1772,1;шрус;04.04.2023;Москворечье
GMB;GJ04820T;Шрус Наружный Левый;1;1300;Шрусы;01.01.2017;Aвтологистика+
Andycar;PP06;ШТУЦЕР БЫСТРОРАЗЪЕМНЫЙ ПОД ШЛАНГ D6ММ  ХОМУТ;2;88,12;A1-07кор2;15.07.2022;"ООО ""Паскер ЛТД"""
Airline;ADSI002;ШУМОИЗОЛЯЦИЯ ЗВУКО УНИТОН 8 75100СМ. КС. 8ММ. ППЭ;1;437,69;Шрусы верх;10.04.2023;Аркона
General Technologies;GTBR223;ЩЕТКА GENERAL TECHNOLOGIE;1;174,6;БРАК;27.01.2020;Emex
Denso;DU053L;ЩЕТКА СТЕКЛООЧИСТИТЕЛЯ;1;1700;;18.07.2022;ИП Когтева Ольга Викторовна
HC-Cargo;133673;ЩЁТКОДЕРЖАТЕЛЬ;3;343;Э4-03;17.04.2023;"ООО ""ФОРЕСТ"""
Ливны;1010500360;ЭЛЕМЕНТ ВОЗДУШНОГО ФИЛЬТРА КОМБАЙН ВЕКТОР . ЕНИСЕЙ;1;661;T3-01;10.10.2022;ИП Мясников  С.М
