AD;101100078;101 100 078 Фильтр масляный TOYOTA/DAIHATSU/SUZUKI;1;108;Г1-08;04.03.2022;Москворечье
Asam;70275;70275 Фильтр воздушный OPEL ASTRA G/ZAFIRA CDTI 99-05;1;249.46;Т1-05;06.08.2021;Москворечье
Stellox;7101146SX;7101146Sx_Фильтр Воздушный Audi A6 Ii 4F2 2.0T;1;560;Т1-04/1;24.05.2022;ИП Когтева Ольга Викторовна
Nac;7718;7718 Фильтр Воздушный;1;198.6;Т1-05;21.10.2022;Emex
Febi;8017;8017FОТБОЙНИК АМОРТИЗАТОРА ПЕРЕДНЕГО AUDI 100A61290397;1;246.34;Т2-02 КОР 2;19.07.2016;Автоспутник
Miles;AFAU019;AFAU019 Фильтр воздушный VW G3/G4/VENTO 1.4-2.8 91-99;1;220;Т1-06;11.12.2020;Москворечье
Miles;AFOE027;AFOE027 Фильтр масляный OPEL/CHEVROLET 1.0/1.2/1.4/1.6/1.8 04-;1;201;Г1-10;30.03.2023;Москворечье
Miles;AFW1016;AFW1016 Фильтр салона MB W202/210;1;474;Т1-07;07.10.2022;Москворечье
Filtron;PP824;Audi 80 1.8i GLE.GTE  2.2 77-80   топливный фильтр 93011019600;4;540;Г3-08;15.08.2016;"Зюзин М.А. м-н ""Ралли"""
Filtron;PP828;BMW 320i 1.8 4cyl.323i  9/78-879   топливный фильтр 13321269244;3;346;Г3-08;15.08.2016;"Зюзин М.А. м-н ""Ралли"""
Japan Cars;B10002JC;Daewoo Matiz, Tico 0.8  95-98  масляный фильтр=OP539 1651073013000;2;150;Г3-11;17.11.2016;"Зюзин М.А. м-н ""Ралли"""
Big Filter;GB9986С;GB9986С Фильтр салонный (угольный) VOLVO S60 II 10-, S80 II 06-, V60 1;1;628.47;T1-06;21.03.2022;Москворечье
Japan Cars;B39002JC;HONDA ISUZU  91-98  ТОПЛИВНЫЙ ФИЛЬТР;1;510;Г3-01;17.11.2016;"Зюзин М.А. м-н ""Ралли"""
Japan Cars;B34015JC;Honda Prelude  10/87  топливный фильтр 16900SF1A32;1;400;Г3-01;17.11.2016;"Зюзин М.А. м-н ""Ралли"""
Japan Cars;B30505JC;Hyundai   топливный фильтр 3191122000;1;130;Г3-01;17.11.2016;"Зюзин М.А. м-н ""Ралли"""
Tecneco Filters;IN3727;In3727 Фильтр Топливный Tecneco;1;320;Г3-08;24.08.2022;ИП Когтева Ольга Викторовна
Filtron;OP638;Isuzu Trooper 2.2TD 81-88 = PH6354 = WIX 51091  масляный фильтр OP638;1;1007;Г3-09;15.08.2016;"Зюзин М.А. м-н ""Ралли"""
Nipparts;J2862003;J2862003 Пыльник ШРУСа TOYOTA /MITSUBISHI;1;509;Т2-02 КОР 1;08.09.2021;Москворечье
Japan Cars;B30301PR;KIA CLARUS II CLARUS WAGON  98  ТОПЛИВНЫЙ ФИЛЬТР;1;320;Г3-01;17.11.2016;"Зюзин М.А. м-н ""Ралли"""
Japan Cars;B30306JC;KIA SEPHIA I  93-96  ТОПЛИВНЫЙ ФИЛЬТР;1;468;Г3-01;17.11.2016;"Зюзин М.А. м-н ""Ралли"""
Japan Cars;B30309JC;KIA SPORTAGE  05/94-08/94  ТОПЛИВНЫЙ ФИЛЬТР;1;135;Г3-01;17.11.2016;"Зюзин М.А. м-н ""Ралли"""
Japan Cars;I63010;Mazda 626 1.8-2.0  пыльник рулевой рейки правый/левый I63010;1;170;Т2-02 КОР 1;17.11.2016;"Зюзин М.А. м-н ""Ралли"""
Japan Cars;B33019JC;MAZDA MP MX-3  91-94  ТОПЛИВНЫЙ ФИЛЬТР;1;400;Г3-01;17.11.2016;"Зюзин М.А. м-н ""Ралли"""
Japan Cars;B33034JC;MAZDA XEDOS-9 929  91-95  ТОПЛИВНЫЙ ФИЛЬТР;1;219;Г3-01;17.11.2016;"Зюзин М.А. м-н ""Ралли"""
Japan Cars;B32023JC;Mitsubishi 1.5i.1.8i   топливный фильтр PP896;1;246;Г3-01;17.11.2016;"Зюзин М.А. м-н ""Ралли"""
Japan Cars;B31011JC;Nissan  Maxima,Primera топливный фильтр 1640041B00;1;135;Г3-01;17.11.2016;"Зюзин М.А. м-н ""Ралли"""
Japan Cars;I61000;Nissan Almera  95-00  пыльник рулевой рейки правый/левый;1;232;Т2-02 КОР 1;17.11.2016;"Зюзин М.А. м-н ""Ралли"""
Japan Cars;B31015JC;Nissan Primera 1600 16V  06/90г.  фильтр топливный 1640059A00;1;140;Г3-01;17.11.2016;"Зюзин М.А. м-н ""Ралли"""
Filtron;OP570T12;OP 570T (12) Фильтр масляный OPEL/GM/DAEWOO (без упак.);8;233.97;Г3-11;11.07.2022;Москворечье
Filtron;OP6433;OP 643/3 Фильтр масляный RENAULT LOGAN/CLIO/MEGANE/LAGUNA;1;380;Г1-09;06.02.2023;Основной поставщик
VAG;3C0907521E;Pегулятор Вентилятора;1;2926.17;А1-07/КОР;;
AMC Filter;SA9091;SA-9091 Фильтр воздушный SUZUKI SWIFT IV (MZ, EZ) 1.2 10-;1;289.4;Т2-06;14.10.2020;Москворечье
Filtron;G5982;SUZUKI;1;469;Г3-08;15.08.2016;"Зюзин М.А. м-н ""Ралли"""
Japan Cars;B38013JC;SUZUKI VITARA SIDEKICK  88-94  ТОПЛИВНЫЙ ФИЛЬТР;1;155;Г3-01;17.11.2016;"Зюзин М.А. м-н ""Ралли"""
Japan Cars;B32064JC;TOYOTA AVALON CAMRY  86-99  ТОПЛИВНЫЙ ФИЛЬТР;1;225;Г3-01;17.11.2016;"Зюзин М.А. м-н ""Ралли"""
Japan Cars;B32061PR;TOYOTA AVENSIS 2000-. ФИЛЬТР ТОПЛИВНЫЙ;1;481;Г3-01;17.11.2016;"Зюзин М.А. м-н ""Ралли"""
Japan Cars;B32061PR;TOYOTA AVENSIS 2000-. ФИЛЬТР ТОПЛИВНЫЙ;1;220;Г3-01;06.09.2017;"ООО ""Ромавто"""
Japan Cars;B32068JC;Toyota Hi-Lux 4WD 2400I 16V  08/97г.  фильтр топливный 2330075100;2;271;Г3-01;17.11.2016;"Зюзин М.А. м-н ""Ралли"""
Pro.Sport;RS16063;АВТОПРИНАДЛЕЖНОСТЬ;1;5000;T2-11;13.05.2019;Куракин Артем (АстраМоторс)
Bosm;BFSU13914;АВТОПРИНАДЛЕЖНОСТЬ;1;320;Т2-08;21.09.2022;ИП Когтева Ольга Викторовна
Рекардо;21063726010;АВТОПРИНАДЛЕЖНОСТЬ;2;76.2;А1-07/КОР;22.04.2019;Emex
Marshall;MC9792K;АВТОПРИНАДЛЕЖНОСТЬ;1;652.6;Т1-08;31.10.2022;ФА Логистик
Tadashisa;TCF003;АВТОПРИНАДЛЕЖНОСТЬ;9;147;Т1-09;14.03.2022;Emex
Sailing;BML6031270LL;АВТОПРИНАДЛЕЖНОСТЬ;1;9937;T2-09;05.08.2022;Fresh-Московское шоссе Альтрон
AMD;AMDSA111L;АМОРТИЗАТОР CHEVROLET AVEO T200 ГАЗ. ПЕРЕДН. ЛЕВ.;1;2100;T2-00;13.04.2022;ИП Когтева Ольга Викторовна
Ledo;01M001LXB;Блок розжига;1;3679.2;С2-14;24.02.2020;Профит Лига
Lifan;AAB5512320;БРЫЗГОВИК ЗАДНИЙ ПРАВЫЙ;1;420;Т2-02 К3;30.04.2021;АВТОКУЗОВ
Toyota;PU06033012F1;БРЫЗГОВИК ПЕРЕДНИЙ ПРАВЫЙ;1;4000;Т2-02 К3;03.08.2018;Автобаза управления делами Воронежской области
Polcar;1326Z15;ВКЛАДЫШ ЗАМКА;1;826.55;А1-07/КОР;25.08.2021;"ООО ""ТД ""Столица"""
Kolbenschmidt;87420600;Вкладыши коренные AUDI/VW mot.ABS/AAK/AAU/AAV/ABD/;1;1900;ИГ-05;29.04.2022;ИП Когтева Ольга Викторовна
Fram;CA10432;ВОЗДУШНЫЙ ФИЛЬТР;1;982;Т1-05;25.05.2022;Автоспутник (новый)
Patron;PF1277;Воздушный Фильтр;1;315;Т1-04;04.10.2022;ИП Когтева Ольга Викторовна
AMC Filter;SA9850;Воздушный Фильтр;1;334.83;Т1-07;07.10.2022;Москворечье
Mahle / Knecht;LX10081;ВОЗДУШНЫЙ ФИЛЬТР;1;493.22;Т1-01;23.04.2015;Шате-М+
Asam-SA;70305;Воздушный Фильтр;1;257;T2-08;24.05.2022;ИП Когтева Ольга Викторовна
Goodwill;AG319;ВОЗДУШНЫЙ ФИЛЬТР;1;280;Т1-07;15.04.2022;ИП Когтева Ольга Викторовна
Fenox;FAI272;ВОЗДУШНЫЙ ФИЛЬТР;1;487.91;Т1-05/1;14.02.2023;Москворечье
Asam;70286;Воздушный Фильтр;1;480;Т1-05/1;26.12.2022;Москворечье
VAG;8D0511327C;ВТУЛКА ЗАДНЕГО СТАБИЛИЗАТОРА D=12.5mm;1;480;Кор.9 Втулки;10.05.2022;ИП Когтева Ольга Викторовна
JapanParts;RU112;ВТУЛКА СТОЙКИ СТАБИЛИЗАТОРА NISSAN;2;57.78;А1-07/КОР;14.04.2015;Aвтокомпонент
JapanParts;RU112;ВТУЛКА СТОЙКИ СТАБИЛИЗАТОРА NISSAN;2;58;А1-07/КОР;13.01.2016;Основной поставщик
Mitsubishi;2400A012;ДАТЧИК ПОЛОЖЕНИЯ СЕЛЕКТОРА АКПП;1;5144.21;А1-07/КОР;09.07.2017;Emex
Hyundai / KIA;885012F010GW;ДЕТАЛЬ;1;62.94;Т2-02 К3;25.06.2015;Emex
Renault;281480008R;ДИНАМИК 10 ВТ;1;1879.2;А1-07/КОР;15.03.2021;Emex
VAG;1K6945094L;Задний фонарь Гольф;1;2000;T2-09;14.05.2016;Лебедев Платон
AMD;AMDBSH10306;Защитный комплект заднего амортизатора (пыльник и отбойник);1;237.73;Т2-02 КОР 2;;
AMD;AMDBSH10105;Защитный комплект пер амортизатора Kia Picanto 05->;1;196.53;Т2-02 КОР 2;;
AMD;AMDBSH10202;Защитный комплект переднего амортизатора (пыльник и отбойник);1;220.56;Т2-02 КОР 2;;
AMD;AMDBSH10106;Защитный комплект переднего амортизатора (пыльник и отбойник);1;201.34;Т2-02 КОР 2;;
Рекардо;RD01083;ЗЕРКАЛЬНЫЙ ЭЛЕМЕНТ С ОБОГРЕВОМ КАЛИНА КТ В КОРОБК;1;664.76;T2-09;02.11.2021;"ООО ""Паскер ЛТД"""
Hyundai/KIA;823602E010WK;Кожух Внутренней Панели Двери;1;1650;Т2-02 К3;13.03.2018;Евроавто магазин поступление
AD;404406000;Ком пыл+отб;2;400;Т2-02 КОР 1;20.05.2019;Гвозданный Михаил Владимирович
Boge;890050;Ком пыл+отб Ford Esc пер.;2;508.63;Т2-02 КОР 1;;
Elwis royal;9856020;КОМПЛЕКТ ПРОКЛАДОК, ГОЛОВКА ЦИЛИНДРА;1;3500;окно прокл;06.09.2022;ИП Когтева Ольга Викторовна
Zekkert;SM3002S;КОМПЛЕКТ ПЫЛЬНИКА 2 ШТ|ОТБОЙНИКА 2 ШТ FIAT CRO;1;807;Т2 КОР.4;26.05.2023;"ООО ""ФОРЕСТ"""
AMD;AMDSETF124;КОМПЛЕКТ ФИЛЬТРОВ;1;925;Т2-04;27.04.2022;ИП Когтева Ольга Викторовна
General Motors;13271258;Компрессор Кондиционера 2.5 Квт;1;22291.8;В4-05;28.06.2023;Основной поставщик
BMW;51117296330;Крепление опоры;1;250;А1-07/КОР;09.04.2018;Маркин Сергей
ASParts;AS2791;Кроншт;1;150;Т2-02 К3;10.10.2017;Шумских Никита Вячеславович
Toyota;6762512180;КРОНШТЕИН;1;150;А1-07/КОР;;Пигасов Денис
General Motors;96550272;Кронштейн Крепления Двигателя;1;1485.84;Т2-02 К3;;
Sehun;SH000338;КРЫЛО ПРАВОЕ С ОТВЕРСТИЕМ;1;2130;T2-12;12.05.2022;ИП Когтева Ольга Викторовна
Bosch;F026407015;МАСЛЯНЫЙ ФИЛЬТР;1;314;Г3-06;02.08.2022;ИП Когтева Ольга Викторовна
Filtron;OP6163;МАСЛЯНЫЙ ФИЛЬТР;1;508.28;Г3-09;09.02.2023;Москворечье
Mahle / Knecht;OX1631D;МАСЛЯНЫЙ ФИЛЬТР;2;382;Г3-09;12.01.2017;Евроавто магазин поступление
UFI;2510500;МАСЛЯНЫЙ ФИЛЬТР;1;1000;Г3-09;27.09.2022;ИП Когтева Ольга Викторовна
JapanParts;FOECO116;Масляный Фильтр;1;560;Г1-09;31.05.2022;ИП Когтева Ольга Викторовна
Clean Filter;ML4522;Масляный Фильтр;1;400;Г3-09;16.06.2022;ИП Когтева Ольга Викторовна
AMC Filter;HO701;МАСЛЯНЫЙ ФИЛЬТР;1;207.42;Г1-07;26.10.2022;Москворечье
LYNXauto;LC151;МАСЛЯНЫЙ ФИЛЬТР;1;700;Г1-08;06.10.2022;Кучин Иван
AMC;HO706;МАСЛЯНЫЙ ФИЛЬТР;1;752.8;Г3-11;19.09.2022;Москворечье
MFilter;TE644;Масляный Фильтр;2;800;Г3-05;02.11.2022;Якушов Александр Алексеевич_ИП
Mando;MMF045014;МАСЛЯНЫЙ ФИЛЬТР;1;213;Г3-17;19.01.2023;Москворечье
Mahle / Knecht;OX151D;МАСЛЯНЫЙ ФИЛЬТР BMW E36 1.8 95-00Г.;1;450;Г3-09;15.08.2016;"Зюзин М.А. м-н ""Ралли"""
Sanfineco;OE1019;МАСЛЯНЫЙ ФИЛЬТР КАРТРИДЖ A6/A8/Q7/VW G3/T5/PASSA;2;150;Г3-09;26.12.2022;Хлыстов Андрей Сергеевич (RACE-X)
Victor Reinz;155396701;Набор Прокладок Двигателя;1;1850;окно прокл;05.09.2022;ИП Когтева Ольга Викторовна
Hyundai / KIA;86311C5000;НАДПИСЬ GDI;1;1297.2;А1-07/КОР;09.04.2021;Emex
Ssang Yong;7882721000;Направляющая;1;80;Т2-02 К3;;Данилов Вячеслав Вячеславович
Asva;MBJ515;ОПОРА ШАРОВАЯ ВЕРХНЯЯ;1;550;C2-10;25.04.2022;ИП Когтева Ольга Викторовна
Optimal;F87579;Отбойник аморт;1;135.95;Т2-02 КОР 2;;
Optimal;F87579;Отбойник аморт;2;150;Т2-02 КОР 2;20.04.2022;ИП Когтева Ольга Викторовна
Elastogran;770004;Отбойник аморт Pas;3;145;Т2-02 КОР 2;17.01.2017;Болотов ИП Самушев
Hans Pries;205153205;Отбойник перед. амортизатора  Opel Omega B 0344416;5;175;Т2-02 КОР 2;29.11.2016;"Зюзин М.А. м-н ""Ралли"""
Hans Pries;103124015;Повторитель поворота  Seat, VW 1H0949117B;4;360;А1-07/КОР;29.11.2016;"Зюзин М.А. м-н ""Ралли"""
Hans Pries;205793786;Повторитель поворота Opel Vectra B 1713008;1;170;А1-07/КОР;29.11.2016;"Зюзин М.А. м-н ""Ралли"""
Hans Pries;103748755;Подвеска, Балка Моста;1;400;C3-14 КОР4;09.09.2022;ИП Когтева Ольга Викторовна
Lifan;AAB5512310;ПОДКРЫЛОК ЗАД ЛЕВ ЗАДН ЧАСТЬ;1;350;Т2-02 К3;15.12.2021;АВТОКУЗОВ
Ajusa;036BL580A;Пр-ка ГБЦ;1;300;окно прокл;17.08.2018;Евроавто магазин поступление
Glaser;H0391100;Прокл ГБЦ 1.3 Astra/Ascona/Corsa/Kadett;1;483;окно прокл;06.09.2022;ИП Когтева Ольга Викторовна
Glaser;H5044200;Прокл ГБЦ 1.6 (ABU) VW Golf/Vento 92->94;1;900;окно прокл;06.09.2022;ИП Когтева Ольга Викторовна
Glaser;H0793800;Прокл ГБЦ 2.0 V16 Astra/Calibra/Kadett/Vectra;1;562;окно прокл;25.10.2016;"Зюзин М.А. м-н ""Ралли"""
Goetze;3002635510;Прокл гл бл;1;747;окно прокл;01.03.2017;Евроавто магазин поступление
Goetze;3002486610;Прокл гл бл 1.3;1;257.33;окно прокл;;
Victor Reinz;152429301;Прокл кл кр;1;700;окно прокл;05.09.2022;ИП Когтева Ольга Викторовна
Glaser;X0374401;Прокл кл кр;1;140;окно прокл;05.09.2022;ИП Когтева Ольга Викторовна
Glaser;V3163000;Прокл клапанной кр.Opel;1;1100;окно прокл;27.01.2016;Основной поставщик
Victor Reinz;703170800;Прокл поддона VAG 2.6-2.8;1;700;окно прокл;06.09.2022;ИП Когтева Ольга Викторовна
Victor Reinz;615388000;Прокладка;1;2500;окно прокл;05.09.2022;ИП Когтева Ольга Викторовна
Payen;JN755;Прокладка;1;380;окно прокл;03.08.2017;ИП Ненахов А.А.
Glaser;B3161500;Прокладка;1;1600;окно прокл;03.08.2017;ИП Ненахов А.А.
Glaser;8254;Прокладка;1;690;окно прокл;03.08.2017;ИП Ненахов А.А.
Ajusa;560299;Прокладка;1;200;окно прокл;31.05.2018;"ООО ""Ромавто"""
Glaser;X5650200;Прокладка BMW;1;100;окно прокл;25.10.2016;"Зюзин М.А. м-н ""Ралли"""
Elring;758825;ПРОКЛАДКА ВПУСК.КОЛЛЕКТОРА AUDI 80 | 100 | VW PASSAT 1.8-2.0 82-91;1;145;окно прокл;25.10.2016;"Зюзин М.А. м-н ""Ралли"""
Glaser;X5656100;Прокладка впускного коллектора Mercedes T1 фургон (601) 07.1982 — 02.1;1;60;окно прокл;25.10.2016;"Зюзин М.А. м-н ""Ралли"""
Elwis royal;46845;Прокладка ГБЦ;1;1029;окно прокл;24.01.2017;Евроавто магазин поступление
Payen;AG9490;Прокладка ГБЦ;1;1750;окно прокл;05.09.2022;ИП Когтева Ольга Викторовна
Glaser;H0468500;Прокладка ГБЦ;1;530;окно прокл;06.09.2022;ИП Когтева Ольга Викторовна
BGA;CH0365;ПРОКЛАДКА ГБЦ;1;460;окно прокл;25.05.2022;ИП Сирота М.А.
Glaser;H1264210;Прокладка ГБЦ  Audi 2.0 D  5cyl  1.57mm  1978- 069103383CR;2;730;окно прокл;25.10.2016;"Зюзин М.А. м-н ""Ралли"""
Glaser;H0266600;Прокладка ГБЦ  Fiat Ducato 1.8 4cyl  86-93 9152061980;1;161;окно прокл;25.10.2016;"Зюзин М.А. м-н ""Ралли"""
Glaser;H783400;Прокладка ГБЦ  Ford 1.8 OHC  4cyl   1984- 1639237;2;378;окно прокл;25.10.2016;"Зюзин М.А. м-н ""Ралли"""
Glaser;H822300;Прокладка ГБЦ  MB  OM 115  4cyl  -1980 1150164020;3;500;окно прокл;25.10.2016;"Зюзин М.А. м-н ""Ралли"""
Glaser;H1239310;Прокладка ГБЦ  VAG 1,7D VW Transporter -92 2дыр 1,;1;2000;окно прокл;06.09.2022;ИП Когтева Ольга Викторовна
Parts-Mall;PGAM012;ПРОКЛАДКА ГБЦ HYUNDAI SONATA EF | ELANTRA | TUCSON | MATRIX;1;630;окно прокл;05.09.2022;ИП Когтева Ольга Викторовна
Patron;PG20004;Прокладка Гбц Mb 207D307D 2.4D Om616 76;1;590;окно прокл;06.09.2022;ИП Когтева Ольга Викторовна
Asam-SA;30343;ПРОКЛАДКА ГБЦ NISSAN MICRA | RENAULT MEGAN | CLIO | LOGAN 1.5D K9M.732;1;882;окно прокл;24.01.2017;Евроавто магазин поступление
Elwis royal;42661;Прокладка ГБЦ Opel;2;700;окно прокл;05.09.2022;ИП Когтева Ольга Викторовна
Glaser;H5083300;Прокладка ГБЦ Opel 1,6 16V;1;2100;окно прокл;06.09.2022;ИП Когтева Ольга Викторовна
Patron;PG20013;Прокладка Гбц Opel Kadett 1.6 81;1;360;окно прокл;05.09.2022;ИП Когтева Ольга Викторовна
Corteco;414795P;ПРОКЛАДКА ГБЦ МЕТАЛЛИЧЕСКАЯ МНОГОСЛОЙНАЯ;1;2100;окно прокл;06.09.2022;ИП Когтева Ольга Викторовна
Payen;BX720;Прокладка голов;1;500;окно прокл;12.12.2017;Слеж Автомастерская
Glaser;X0505900;Прокладка кл кр FIAT;1;124;окно прокл;25.10.2016;"Зюзин М.А. м-н ""Ралли"""
Glaser;X0828300;Прокладка кл кр Ford 1,6-2,0 широкая;1;220;окно прокл;05.09.2022;ИП Когтева Ольга Викторовна
Glaser;X0267900;Прокладка кл кр Mercedes M115;1;163;окно прокл;25.10.2016;"Зюзин М.А. м-н ""Ралли"""
Glaser;X0275600;Прокладка кл кр OPEL;2;124;окно прокл;25.10.2016;"Зюзин М.А. м-н ""Ралли"""
Glaser;X0426800;Прокладка кл кр Opel 1,0-1,2 OHV;1;29;окно прокл;25.10.2016;"Зюзин М.А. м-н ""Ралли"""
Elring;327182;Прокладка кл кр VAG 2,0D 5cil ( 1 половинка);1;48;окно прокл;;ИП Мерзликин Владимир Иванович
Elring;310581;Прокладка кл крышки;1;100;окно прокл;05.09.2022;ИП Когтева Ольга Викторовна
Elring;310581;Прокладка кл крышки;1;100;окно прокл;06.09.2022;ИП Когтева Ольга Викторовна
Victor Reinz;711304530;Прокладка клап. крышки OPEL;1;160;окно прокл;06.09.2022;ИП Когтева Ольга Викторовна
Glaser;V3116100;Прокладка клапан.крышки  Audi 100  2.0D 70 51kw CN  08/78 - 08/81 =31-;5;85;окно прокл;25.10.2016;"Зюзин М.А. м-н ""Ралли"""
Glaser;V3159700;Прокладка клапан.крышки  Audi Quattro 2.2  200 147kw 5cyl  87-  = 31-0;1;580;окно прокл;05.09.2022;ИП Когтева Ольга Викторовна
Glaser;X5306800;Прокладка клапан.крышки  MB  W124  300D - TD  OM 603  85- 6030160221;1;400;окно прокл;25.10.2016;"Зюзин М.А. м-н ""Ралли"""
Corteco;026139P;Прокладка клапанной крышки;1;570;окно прокл;05.09.2022;ИП Когтева Ольга Викторовна
Glaser;X0374901;Прокладка клапанной крышки;1;110;окно прокл;05.09.2022;ИП Когтева Ольга Викторовна
BGA;RC9301;Прокладка клапанной крышки;1;450;окно прокл;05.09.2022;ИП Когтева Ольга Викторовна
Payen;JM5155;ПРОКЛАДКА КЛАПАННОЙ КРЫШКИ FORD FIESTA | FOCUS | MAZDA 3 1.25-1.6 16V;1;737.5;окно прокл;15.03.2022;Автоспутник (новый)
Victor Reinz;153197301;ПРОКЛАДКА КЛАПАННОЙ КРЫШКИ OPEL ASTRA | CORSA | TIGRA 1.4 | 1.6 94- КО;1;1691.2;окно прокл;28.03.2022;Автоспутник (новый)
Glaser;X5833500;Прокладка коллектора  Fiat 46410505;1;109;окно прокл;25.10.2016;"Зюзин М.А. м-н ""Ралли"""
Ajusa;13074209;Прокладка коллектора  Ford Sierra, Scorpio 6172129;1;93;окно прокл;25.10.2016;"Зюзин М.А. м-н ""Ралли"""
Victor Reinz;702627920;ПРОКЛАДКА КОЛЛЕКТОРА VAG GOLF | JETTA | PASSAT | POLO | SCIROCCO 77-04;1;109;окно прокл;24.02.2021;Профит Лига
General Motors;55573805;ПРОКЛАДКА КОЛЛЕКТОРА МЕТАЛЛИЧЕСКАЯ;1;513.6;окно прокл;28.02.2023;Emex
Glaser;X0373501;Прокладка под клапан.крышку  FORD Tranzit 1.6 72  53kw  Eng.100 4cyl 7;2;147;окно прокл;25.10.2016;"Зюзин М.А. м-н ""Ралли"""
Glaser;X5444000;Прокладка поддона;1;415;окно прокл;05.09.2022;ИП Когтева Ольга Викторовна
Elwis royal;1042614;Прокладка поддона;1;270;окно прокл;05.09.2022;ИП Когтева Ольга Викторовна
Glaser;X5410000;Прокладка поддона  BMW  320/ 325/ 520/ 525/ 324D/ 524D = 31-023 925-20;1;215;окно прокл;25.10.2016;"Зюзин М.А. м-н ""Ралли"""
Glaser;E3045700;Прокладка поддона  Ford 1.1  80-82 5006393;1;226;окно прокл;25.10.2016;"Зюзин М.А. м-н ""Ралли"""
Glaser;X5407900;Прокладка поддона Ford 2,0 DOHC 89-;1;450;окно прокл;25.10.2016;"Зюзин М.А. м-н ""Ралли"""
Onnuri;GGXD025;Прокладка Поддона Nexia 1.5Л Onnuri;1;110;окно прокл;05.09.2022;ИП Когтева Ольга Викторовна
Glaser;X0428500;Прокладка поддона OPEL;1;150;окно прокл;25.10.2016;"Зюзин М.А. м-н ""Ралли"""
Reinz;713194300;Прокладка поддона VAG 1,9D/TD 89- (с маслоотражате;1;2151;окно прокл;20.10.2022;Автоспутник (новый)
Victor Reinz;713170800;Прокладка поддона VAG 2,6-2,8 (отстойника);1;710;окно прокл;05.09.2022;ИП Когтева Ольга Викторовна
Glaser;E3044800;Прокладка поддона картера;1;122;окно прокл;25.10.2016;"Зюзин М.А. м-н ""Ралли"""
Elring;323993;Прокладка Резиновая;1;340;окно прокл;05.09.2022;ИП Когтева Ольга Викторовна
Elring;486770;ПРОКЛАДКА РЕЗИНОВАЯ;1;260;окно прокл;05.09.2022;ИП Когтева Ольга Викторовна
Victor Reinz;713519100;ПРОКЛАДКА РЕЗИНОВАЯ;1;1000;окно прокл;06.09.2022;ИП Когтева Ольга Викторовна
Elwis royal;56087;Прокладка, Головка Цилиндра;1;1190;окно прокл;17.03.2022;Якушов Александр Алексеевич_ИП
Elwis royal;1044211;Прокладка, Маслянный Поддон;1;150;окно прокл;05.09.2022;ИП Когтева Ольга Викторовна
TRANSMASTER UNIVERSAL;M289;Пружина 843253353  M.289;2;23.июн;А1-07/КОР;28.02.2020;Автоспутник (новый)
Land Rover;RNE000011;Пыльник;1;430;Т2-02 КОР 1;09.02.2017;Автобаза управления делами Воронежской области
Hans Pries;103485755;Пыльник аморт Golf II/Jetta II/Passat;6;20;Т2-02 КОР 1;29.11.2016;"Зюзин М.А. м-н ""Ралли"""
Hans Pries;200430015;Пыльник аморт Kad;1;225.61;Т2-02 КОР 2;;
Febi;6985;ПЫЛЬНИК АМОРТИЗАТОРА VW GOLF II | GOLF III ЗАД.;1;40;Т2-02 КОР 2;10.12.2015;Основной поставщик
Amiwa;4241004;Пыльник Переднего Амортизатора;1;594.72;Т2-02 КОР 1;26.11.2018;Emex
Ruville;1211267;Пыльник р/рейки Renault;1;132.68;Т2-02 КОР 1;;
Great wall;2803310XK45XA;Рамка Противотуманной Фары Левая Hover H3 New;1;530;Т2-09;07.09.2022;ИП Когтева Ольга Викторовна
CBD;420606;РЕЗОНАТОР УНИВЕРСАЛЬНЫЙ 11053052H ПОД ХОМУТ. НЕРЖ СТАЛЬ. 420.606;1;1194;T2-00;15.02.2022;АвтоРусь
Dayco;94385;РЕМЕНЬ ГРМ;2;152.74;C6;;
Dayco;94076;Ремень ГРМ 101x170  OPEL;1;167.23;C6 верх;;
TYG;RN07034GAL;Решетка;1;836;Т2-02 К3;25.01.2018;Доровский Илья (Комис)
Daewoo;96350550;РОЛИК НАТЯЖИТЕЛЯ;1;3000;скл Н;03.05.2022;ИП Когтева Ольга Викторовна
Peugeot / Citroen;914491;Ручка двери;1;300;А1-07/КОР;30.01.2017;Доровский Илья (Комис)
Sasic;9001546;РЫЧАГ НЕЗАВИСИМОЙ ПОДВЕСКИ КОЛЕСА, ПОДВЕСКА КОЛЕС;1;150;C3-14 КОР4;09.09.2022;ИП Когтева Ольга Викторовна
Ocap;1215200;Сайлентблок;1;400;;09.09.2022;ИП Когтева Ольга Викторовна
VITOCOM;18021;САЛЬНИК МАНЖЕТА ВТОРВАЛАВОЛГАГАЗЕЛЬ 2238Х5;1;114.86;А1-07/КОР;27.07.2021;"ООО ""Паскер ЛТД"""
NGK;95463;СВЕЧА ЗАЖИГАНИЯ;50;1100;Щ2-12;04.10.2022;Пирогов Виктор Александрович
Hyundai/KIA;S281133Z100;СМЕННЫЙ ФИЛЬТРУЮЩИЙ БУМАЖНЫЙ ЭЛЕМЕНТ ДЛЯ ВОЗДУШНОГО ФИЛЬТРА ДВИГАТЕЛЯ;2;913;Т1-04;27.12.2019;Модус-ВН
TangDe;ZL0357010HA;СТЕКЛО ЗЕРКАЛА DAF XF95/MAN С ПОДОГРЕВОМ 370Х19;1;829.8;Т2-09;03.05.2021;Emex
AP;AU230225G1R00;Стекло п/т фары;2;300;T2-10;08.10.2020;Болотов ИП Самушев
TYG;VWPAS88080L;Стекло противотум. фары;1;300;Т2-10;08.10.2020;Болотов ИП Самушев
Patron;PS4002L;Стойка стабилизатора;1;315;Г4-04;04.10.2022;ИП Когтева Ольга Викторовна
Mann;PU9003Z;ТОПЛИВНЫЙ ФИЛЬТР;1;2259.6;Г3-10;13.03.2023;Emex
Alco Filters;SP1364;Топливный Фильтр;1;1800;Г3-04;13.05.2022;ИП Когтева Ольга Викторовна
Mahle / Knecht;KL915;Топливный Фильтр;1;1850;Г3-01;23.12.2022;Баранников Роман
Ashika;300KK25;Топливный Фильтр;1;1000;Г3-04;16.06.2022;ИП Когтева Ольга Викторовна
Asam-SA;70238;ТОПЛИВНЫЙ ФИЛЬТР;1;408.14;Г3-18;01.11.2022;Москворечье
Asam;70250;ТОПЛИВНЫЙ ФИЛЬТР;1;470;Г3-08;22.07.2022;ИП Когтева Ольга Викторовна
Japan Cars;B34026JC;топливный фильтр Honda Civic,CRV,HRV 16010ST5931;1;355;Г3-01;17.11.2016;"Зюзин М.А. м-н ""Ралли"""
Hyundai/KIA;31112F9000;ТОПЛИВНЫЙ ФИЛЬТР ТОПЛИВНОГО БАКА;1;1653.3;Г3-10;15.08.2022;БОРАВТО К
TYC;185088A12B;Указатель поворота YTC;1;320;T2-10;25.01.2017;ИП Ненахов А.А.
Toyota;6231105030B0;Уплотнитель Toyota;1;3650;Т2-02 К3;12.01.2017;ИП Ненахов А.А.
Chery;A215206021;Уплотнитель Заднего Стекла Фора;1;153.41;Т2-02 К3;;
Chery;A215206021;Уплотнитель Заднего Стекла Фора;1;100;Т2-02 К3;11.08.2015;Струков Максим Николаевич
HYNDAI/KIA;432013D119;УПОРНОЕ КОЛЬЦО КПП Т=1.19;1;157;А1-07/КОР;12.02.2020;"ООО ""СОКРАТ"""
Depo;4411115RCLDEHU;Фара R VW Golf 91-97 г линза = 1H6941018D 1H6941018D;1;1299;T2-11;17.11.2016;"Зюзин М.А. м-н ""Ралли"""
Land Rover;LR057271;Фара В Сборе С Указ.Поворота;1;37000;T2-12;08.09.2015;"ООО ""Форсаж 36"""
Lucid;954829;ФАРА П/Т;2;680;T2-09;17.01.2017;Болотов ИП Самушев
ОАТ;2,17004E+13;Фара Противот Ваз2170 Priora, 2123 Н/О Киржач П;1;1304.49;Т2-10;31.03.2017;Emex
AP;6310Y17;Фара противотуманная Ding tuo;1;1250;T2-10;25.01.2017;ИП Ненахов А.А.
Feituo;HNACC00213LT;Фара противотуманная левая Feituo HNACC00-213-LT;1;495;T2-09;18.01.2017;ИП Ненахов А.А.
Riginal;RGCU27007;ФИЛЬТ САЛОННЫЙ;1;168.6;Т1-09;22.06.2022;Emex
TSN;9144;Фильтр;1;300;Т2-07;31.05.2022;ИП Когтева Ольга Викторовна
Blue Print;ADM52332;Фильтр;1;450;Г3-10;01.12.2015;Основной поставщик
Nipparts;J1312021;Фильтр;1;390;Г3-09;04.10.2022;ИП Когтева Ольга Викторовна
Kitto;A22004;Фильтр;1;400;Т1-07;15.04.2022;ИП Когтева Ольга Викторовна
Alco Filters;MD548;Фильтр;2;180;Г3-02;30.05.2017;Шмонов Максим  (Ravenol)
Alco Filters;SP1024;Фильтр;1;450;Г3-04;25.08.2017;Шмонов Максим  (Ravenol)
Topran;302124755;Фильтр;1;362;Т2-03;06.09.2017;"ООО ""Ромавто"""
FANFARO;FM111;Фильтр;1;96;Г1-09;06.09.2017;"ООО ""Ромавто"""
Kitto;F333;Фильтр;1;172.5;Г3-08;14.08.2020;Техно Плюс_ООО
Kitto;FC0027;Фильтр;1;590.63;Г3-08;16.10.2019;Техно Плюс_ООО
Kitto;FS1028;Фильтр;1;740.25;Г3-08;17.06.2018;Техно Плюс_ООО
Wix Filters;51324;Фильтр WIX  Chevrolet, Pontiac MercuriI 51324;1;332;Г3-09;15.08.2016;"Зюзин М.А. м-н ""Ралли"""
Wix Filters;51357;Фильтр WIX  Ford Probe 89-97 г. KIA 95-97 г. 51357;1;532;Г3-09;15.08.2016;"Зюзин М.А. м-н ""Ралли"""
Wix Filters;33563;Фильтр WIX  Toyota Land Cruiser  93-98г. 33563;1;574;Г3-08;15.08.2016;"Зюзин М.А. м-н ""Ралли"""
Wix Filters;33502;Фильтр WIX  Toyota Lexus, Chrysler, Mitsubishi 33502;2;420;Г3-08;15.08.2016;"Зюзин М.А. м-н ""Ралли"""
Hyundai/KIA;4632122731;ФИЛЬТР АКПП;1;1470;Г3-07;17.02.2022;Панов Сергей
H&Q;FNC121500A;Фильтр АКПП;1;360;Г3-07;06.09.2021;Балакирев Александр
AIKO;T128;Фильтр АКПП;1;344;Т1-06;24.02.2022;Автоспутник (новый)
Honda;25420PX4701;Фильтр АКПП HONDA  ACCORD  1.8I 4AT 1996-... 25420PX4701;1;1950;Т2-06;29.12.2016;"Зюзин М.А. м-н ""Ралли"""
Zekkert;OF4467G;Фильтр АКПП с прокладкой поддона;1;1430;Г3-07;12.05.2022;Автоспутник (новый)
TSN;91131;Фильтр возд;1;240;Т2-07;20.09.2022;ИП Когтева Ольга Викторовна
Kitto;A9420;Фильтр возд;1;200;Т2-08;09.06.2022;ИП Когтева Ольга Викторовна
Kitto;A9420;Фильтр возд;1;194.35;Т2-08;14.08.2020;Техно Плюс_ООО
Kitto;A9420;Фильтр возд;2;194.35;Т2-08;16.10.2020;Техно Плюс_ООО
Filtron;AP1721;Фильтр возд;1;510;Т1-04/1;06.10.2022;ИП Когтева Ольга Викторовна
AMD;AMDFA732;Фильтр возд Audi A3 04->/VW Golf 04->/Touran 04->;1;355;Т1-04/2;06.10.2022;ИП Когтева Ольга Викторовна
Tecneco Filters;AR428PM;Фильтр возд Citroen/Peugeot/Renault;1;240;T2-08;24.05.2022;ИП Когтева Ольга Викторовна
Hengst;E340L;Фильтр возд Ford Escort/Orion;1;290;Т2-04;17.01.2017;Болотов ИП Самушев
Mahle / Knecht;LX920;Фильтр возд Hyundai Accent 94->99 (1.3)/Accent/Verna 00->(1.5);1;225.18;Т1-01;;
Mahle / Knecht;LX1291;Фильтр возд MB;1;578;Т1-01;;
Mahle / Knecht;LX389;Фильтр возд Opel Astra F 91->98;1;209;Т1-01;15.08.2016;"Зюзин М.А. м-н ""Ралли"""
Luber-finer (Champ);AP241;Фильтр возд Opel Calibra/Vectra/Saab/Volvo;2;131;Т2-03;20.12.2016;Евроавто магазин поступление
Luber-finer (Champ);AP241;Фильтр возд Opel Calibra/Vectra/Saab/Volvo;1;80;Т2-03;01.01.2017;Евроавто магазин поступление
TSN;91711;Фильтр возд VAG;1;230;Т2-07;20.09.2022;ИП Когтева Ольга Викторовна
SCT Germany;SB2138;Фильтр возд VAG;1;608;Т2-05;24.05.2022;ИП Когтева Ольга Викторовна
Zekkert;LF1116;ФИЛЬТР ВОЗД. TOYOTA LAND CRUISER PRADO 120. 150 02;1;409.98;Т1-09;10.06.2022;"ООО ""ФОРЕСТ"""
Mahle / Knecht;LX740;Фильтр возд.Audi 100 93->/A6 95->/V8 89-> 8 Cyl;4;249.75;Т1-01;;
Mahle / Knecht;LX740;Фильтр возд.Audi 100 93->/A6 95->/V8 89-> 8 Cyl;1;279;Т1-01;26.12.2016;Евроавто магазин поступление
Mahle / Knecht;LX740;Фильтр возд.Audi 100 93->/A6 95->/V8 89-> 8 Cyl;1;390;Т1-01;15.08.2016;"Зюзин М.А. м-н ""Ралли"""
Mahle / Knecht;LX784;Фильтр возд.Audi A8 01->;1;500;Т1-01;;
Filtron;AP0041;ФИЛЬТР ВОЗДAUDI 100A6V83642L  9197;1;390;Т1-04/1;06.10.2022;ИП Когтева Ольга Викторовна
Hengst;E33L;ФИЛЬТР ВОЗДCHRYSLER VOYAGERNEONDODGE CARAVAN 2038L 1995;1;285;Т1-07;17.01.2017;Болотов ИП Самушев
Great wall;1109102K00;ФИЛЬТР ВОЗДУШНЫЙ;1;170;Т1-04;26.04.2022;ИП Когтева Ольга Викторовна
Hyundai/KIA;2811317500;ФИЛЬТР ВОЗДУШНЫЙ;1;780;Т1-04;26.04.2022;ИП Когтева Ольга Викторовна
Purflux;A1180;ФИЛЬТР ВОЗДУШНЫЙ;1;275.21;Т2-03;31.10.2016;Aвтокомпонент
Chery;A111109111AB;ФИЛЬТР ВОЗДУШНЫЙ;2;169.5;Т1-04;26.04.2022;ИП Когтева Ольга Викторовна
Fram;CA8919;ФИЛЬТР ВОЗДУШНЫЙ;1;800;Т1-07;15.04.2022;ИП Когтева Ольга Викторовна
TSN;9734;Фильтр Воздушный;1;153.1;Т2-07;29.06.2022;Москворечье
Mahle / Knecht;LX1576;ФИЛЬТР ВОЗДУШНЫЙ;1;452.42;Т1-01;;
Mahle / Knecht;LX1576;ФИЛЬТР ВОЗДУШНЫЙ;1;550;Т1-01;;Быков Виктор Анатольевич
AMD;AMDFA27;ФИЛЬТР ВОЗДУШНЫЙ;1;278.78;Т1-04/2;04.10.2022;Москворечье
Fram;CA5350;Фильтр Воздушный;1;450;Т1-07;15.04.2022;ИП Когтева Ольга Викторовна
Filtron;AR2344;Фильтр Воздушный;1;616;T2-08;24.05.2022;ИП Когтева Ольга Викторовна
AMD;AMDFA91;ФИЛЬТР ВОЗДУШНЫЙ;3;177.61;T1-05;27.02.2023;Москворечье
AMD;AMDFA91;ФИЛЬТР ВОЗДУШНЫЙ;1;186.3;T1-05;12.04.2023;Москворечье
TSN;91428;Фильтр Воздушный;1;360;Т2-07;20.09.2022;ИП Когтева Ольга Викторовна
AMD;AMDFA166;Фильтр воздушный;2;160;Т2-05;01.01.2017;Aвтомедон-M+
Kitto;AC101;ФИЛЬТР ВОЗДУШНЫЙ;2;220.2;Т2-08;14.03.2022;Emex
TSN;91242;Фильтр Воздушный;1;230;Т2-07;20.09.2022;ИП Когтева Ольга Викторовна
Big Filter;GB8020;ФИЛЬТР ВОЗДУШНЫЙ;1;385.22;T1-09;20.07.2022;Аркона
Big Filter;GB8020;ФИЛЬТР ВОЗДУШНЫЙ;1;414.21;T1-09;01.06.2023;Аркона
Japan Cars;B22103PR;Фильтр Воздушный;1;800;Т1-07;15.04.2022;ИП Когтева Ольга Викторовна
Masuma;MFA3130;Фильтр воздушный;1;289.1;Т2-03;11.03.2016;Emex
Mapco;60403;Фильтр Воздушный;1;450;Т1-05;15.04.2022;ИП Когтева Ольга Викторовна
Goodwill;AG385;Фильтр воздушный;1;421.3;Т1-04/2;21.06.2023;Москворечье
Champion;U652;Фильтр воздушный;1;182;Т2-03;26.12.2016;Евроавто магазин поступление
Kitto;A0331;Фильтр воздушный;2;258.75;Т2-08;16.10.2020;Техно Плюс_ООО
TSN;917;Фильтр Воздушный;1;328;Т2-07;15.06.2022;ИП Когтева Ольга Викторовна
Big Filter;GB9113;Фильтр воздушный;1;293.59;Т2-06;31.10.2022;Аркона
Ashika;20H0010;ФИЛЬТР ВОЗДУШНЫЙ;1;235.2;Т2-03;24.08.2021;Emex
Goodwill;AG132ECO;Фильтр воздушный;1;550;Т1-08;01.11.2022;Москворечье
RB-exide;A0500E;Фильтр Воздушный;1;200;Т1-05/1;24.10.2017;ИП Марков Сергей Иванович
RB-exide;A0530E;Фильтр Воздушный;4;130;Т1-05/1;24.10.2017;ИП Марков Сергей Иванович
Goodwill;AG465;Фильтр воздушный;1;624;Т1-08;14.10.2022;Профит Лига
Mann;C31220;Фильтр воздушный;1;1111.56;Т2-04;30.04.2018;ИП Федотов Александр Евгеньевич
JS Asakashi;A3022;Фильтр воздушный;1;855.73;Т1-08;15.03.2022;Москворечье
Blue Print;ADM52249;Фильтр воздушный;1;418;Т2-06;07.11.2022;ФА Логистик
Japan Cars;B20517PR;Фильтр воздушный;1;240;T2-08;24.05.2022;ИП Когтева Ольга Викторовна
TSN;9167;Фильтр воздушный;1;160;Т2-07;20.09.2022;ИП Когтева Ольга Викторовна
Fortech;FA198;Фильтр воздушный;1;264;Т1-08;02.06.2022;ИП Когтева Ольга Викторовна
Peko;A567;Фильтр воздушный;1;375;Т1-06;22.07.2022;ИП Когтева Ольга Викторовна
Blue Print;ADT322105;Фильтр воздушный;2;1560;Т1-09;24.06.2022;ИП Когтева Ольга Викторовна
Goodwill;AG268;ФИЛЬТР ВОЗДУШНЫЙ;1;594.66;Т1-07;11.01.2023;Аркона
Isuzu;8944656560;Фильтр воздушный;1;1800;Т1-06;18.02.2020;Головин А.Ю.
Mann;C20002;ФИЛЬТР ВОЗДУШНЫЙ;1;564.6;Т2-06;18.09.2019;Emex
UFI;3025600;Фильтр воздушный;1;258.2;Т1-05;27.11.2019;ФА Логистик
KURIN;A22003;Фильтр воздушный;5;107.1;Т2-05;12.03.2020;Техно Плюс_ООО (KURIN)
KURIN;A893;Фильтр Воздушный;1;119.7;Т2-05;12.03.2020;Техно Плюс_ООО (KURIN)
KURIN;A956;ФИЛЬТР ВОЗДУШНЫЙ;1;129.15;Т2-05;12.03.2020;Техно Плюс_ООО (KURIN)
Honda;FA416S;фильтр воздушный;1;274.95;Т1-04/1;05.05.2020;Профит Лига
Airtech;A161;Фильтр воздушный;1;205;Т2-05;28.12.2020;Основной поставщик
Febi;22009;Фильтр Воздушный;1;690;Т1-06;17.03.2022;Якушов Александр Алексеевич_ИП
Sakura;A33880;ФИЛЬТР ВОЗДУШНЫЙ;2;654.29;Т1-05;23.09.2022;Аркона
Ashika;2003307;ФИЛЬТР ВОЗДУШНЫЙ;1;260;Т2-03;17.02.2022;Коняхин Н.А. (Старый Оскол)
Stellox;8121254SX;ФИЛЬТР ВОЗДУШНЫЙ;2;513.23;Т2-04;25.01.2022;"ООО ""ТД ""Столица"""
Stellox;8121254SX;ФИЛЬТР ВОЗДУШНЫЙ;1;500;Т2-04;02.11.2022;Якушов Александр Алексеевич_ИП
LUCAS FILTERS;LFAF276;Фильтр воздушный;1;432.4;Т2-03;28.03.2022;Автоспутник (новый)
JapKo;20294;ФИЛЬТР ВОЗДУШНЫЙ;1;300;Т1-07;15.04.2022;ИП Когтева Ольга Викторовна
Starke;106504;ФИЛЬТР ВОЗДУШНЫЙ;1;1000;Т1-07;15.04.2022;ИП Когтева Ольга Викторовна
Miles;AFAU041;Фильтр воздушный;1;349;Т1-04/2;02.06.2022;Москворечье
Goodwill;AG345;ФИЛЬТР ВОЗДУШНЫЙ;1;535.5;Т1-04/1;10.08.2022;Аркона
MFilter;K766;ФИЛЬТР ВОЗДУШНЫЙ;1;300;Т1-04/1;06.10.2022;ИП Когтева Ольга Викторовна
MFilter;K7051;Фильтр воздушный;1;390;Т1-04/1;06.10.2022;ИП Когтева Ольга Викторовна
LEGION;GL966;ФИЛЬТР ВОЗДУШНЫЙ;1;204;T1-05;19.10.2022;АвтоРВ
LEGION;GL966;ФИЛЬТР ВОЗДУШНЫЙ;1;204;T1-05;17.11.2022;Основной поставщик
Toyota;8850820060;Фильтр Воздушный;1;1000;Т1-04;17.11.2022;"ООО ""Ромавто"""
Kavo parts;TA1282;Фильтр Воздушный;1;238;Т1-04/1;23.01.2023;Завгородний Артем
AMD;AMDFA788;ФИЛЬТР ВОЗДУШНЫЙ HYUNDAI CRETA 1.6 | 2.0I 16;1;269.82;Т1-04/2;17.02.2023;Москворечье
Yuilfilter;YUMI049;ФИЛЬТР ВОЗДУШНЫЙ HYUNDAI LAVITA;1;220;Т2-03;27.04.2020;Гвозданный Михаил Владимирович
GREEN FILTER;LF0205;ФИЛЬТР ВОЗДУШНЫЙ HYUNDAI SANTA FE | MAGENTIS 04-;1;229.9;Т1-08;09.03.2022;Автоспутник (новый)
Miles;AFAI301;ФИЛЬТР ВОЗДУШНЫЙ HYUNDAI TUCSON/KIA SPORTAGE 1.6 1;1;577;Т1-05;07.04.2023;Москворечье
Nordfil;AN1133;ФИЛЬТР ВОЗДУШНЫЙ JAGUAR EPACE X540 LAND ROVER D;1;239.04;T2-06;28.11.2022;"ООО ""ФОРЕСТ"""
SibТэк;AF0127;Фильтр Воздушный Kia Cerato 1.6 2005 , Spectra;1;235;Т1-06;22.07.2022;ИП Когтева Ольга Викторовна
Mando;EAF00015M;Фильтр воздушный KIA K2500/K2700 (SD) 2.5D/2.7D 10/99->;1;496;Т1-04/1;24.05.2022;ИП Когтева Ольга Викторовна
Mann;C25013;ФИЛЬТР ВОЗДУШНЫЙ KIA RIO 11-;1;430;Т2-06;20.08.2020;ИП Федотов Александр Евгеньевич
Mahle / Knecht;LX556;ФИЛЬТР ВОЗДУШНЫЙ MAZDA 32394;1;264;Т1-01;;
Mann;C27019;ФИЛЬТР ВОЗДУШНЫЙ MAZDA CX-5 | 3 | 6 11-;1;1249.07;Т1-06;28.03.2022;Москворечье
Filtron;AP1186;ФИЛЬТР ВОЗДУШНЫЙ MB W202 | W163 1.8-5.5 93-05;1;796.79;Т1-04/1;09.03.2022;Москворечье
TSN;911002;ФИЛЬТР ВОЗДУШНЫЙ MERCEDES-BENZ C-CLASS II S203 KOMBI 03 | 01 -;1;363;Т2-07;23.03.2017;Евроавто магазин поступление
Parts-Mall;PAG023;ФИЛЬТР ВОЗДУШНЫЙ MITSUBISHI COLT | LANCER 1.3-1.6;1;285;Т2-03;13.07.2021;Москворечье
Sakura;A1517;ФИЛЬТР ВОЗДУШНЫЙ MITSUBISHI L 200 2.5D 05-;1;737;Т2-03;23.09.2022;АвтоЕвро
Big Filter;GB9543;ФИЛЬТР ВОЗДУШНЫЙ OPEL ASTRA G | ZAFIRA 00-;1;445.87;Т1-08;31.03.2022;Профит Лига
Big Filter;GB9581;ФИЛЬТР ВОЗДУШНЫЙ OPEL VECTRA A 88-;1;244;Т1-08;15.04.2022;ИП Когтева Ольга Викторовна
P.M.C.;PAM014;ФИЛЬТР ВОЗДУШНЫЙ PAM014;1;300;Т1-07;15.04.2022;ИП Когтева Ольга Викторовна
SibТэк;AF010391;Фильтр Воздушный Renault Logan/Kangoo/Clio Ii/Mod;1;275;Т1-06;22.07.2022;ИП Когтева Ольга Викторовна
Kortex;KA0121;ФИЛЬТР ВОЗДУШНЫЙ SSANG YONG KORANDO | MUSSO | TAGER TCI;1;420;Т1-07;15.04.2022;ИП Когтева Ольга Викторовна
Blue Print;ADK82219;ФИЛЬТР ВОЗДУШНЫЙ SUZUKI VITARA | GRAND VITARA -98;1;470;Т1-09;11.04.2022;ИП Когтева Ольга Викторовна
Tecneco Filters;AR293PM;Фильтр Воздушный Tecneco;1;600;Т1-05;15.04.2022;ИП Когтева Ольга Викторовна
Goodwill;AG363;ФИЛЬТР ВОЗДУШНЫЙ TOYOTA | LEXUS CAMRY | RX270 3.5 08-;1;554.49;Т1-04;07.03.2023;Аркона
Goodwill;AG363;ФИЛЬТР ВОЗДУШНЫЙ TOYOTA | LEXUS CAMRY | RX270 3.5 08-;1;805;Т1-04;24.05.2022;Москворечье
Sakura;A1152;ФИЛЬТР ВОЗДУШНЫЙ TOYOTA LAND CRUISER | 4RUNNER;1;833.92;Т2-03;16.03.2022;Москворечье
GREEN FILTER;LF0406;ФИЛЬТР ВОЗДУШНЫЙ VAG FABIA | POLO 99- 1.9TDI | SDI;1;314;Т1-08;15.04.2022;ИП Когтева Ольга Викторовна
Nac;77217;ФИЛЬТР ВОЗДУШНЫЙ VOLKSWAGEN: FOX 05~, POLO IV 9;1;250;Т1-09;04.10.2022;ИП Когтева Ольга Викторовна
Parts Mall;PBR019;Фильтр маляный;1;250;Г1-10;13.05.2022;ИП Когтева Ольга Викторовна
Fram;CH10158ECO;Фильтр масл;1;546.5;Г3-05;11.03.2022;Автоспутник (новый)
Bosch;451103266;Фильтр масл Volvo;1;400;Г3-06;16.06.2022;ИП Когтева Ольга Викторовна
Big Filter;GB1107;ФИЛЬТР МАСЛ.;1;555;Г1-07;04.05.2023;Emex
Sakura;C1110;ФИЛЬТР МАСЛЕНЫЙ;1;335;Г3-05;27.02.2023;Москворечье
KS;50014116;Фильтр масленый;1;300;Г3-17;31.01.2023;ИП Когтева Ольга Викторовна
KS;50014116;Фильтр масленый;1;480;Г3-17;01.08.2022;ФА Логистик
Hengst;H97W11;Фильтр масленый;1;1350;Г3-09;02.08.2022;ИП Когтева Ольга Викторовна
Mahle / Knecht;OC495;Фильтр маслянный;1;590;Г3-09;02.08.2022;ИП Когтева Ольга Викторовна
Filtron;OP520T;Фильтр маслянный;1;375.45;Г3-06;26.07.2022;Москворечье
Mahle / Knecht;OC279;Фильтр масляный;2;375;Г3-09;02.08.2022;ИП Когтева Ольга Викторовна
Mahle / Knecht;OX1537D;ФИЛЬТР МАСЛЯНЫЙ;1;872;Г3-06;09.03.2023;"ООО ""ФОРЕСТ"""
Mahle / Knecht;OX182D;ФИЛЬТР МАСЛЯНЫЙ;1;485;Г3-09;22.09.2022;ИП Когтева Ольга Викторовна
Mahle / Knecht;OX159D;Фильтр масляный;2;235;Г1-08;22.09.2022;ИП Когтева Ольга Викторовна
Mahle / Knecht;OX159D;Фильтр масляный;1;220;Г1-08;27.06.2019;Основной покупатель
Mahle / Knecht;OX126D;ФИЛЬТР МАСЛЯНЫЙ;1;625;Г3-06;22.09.2022;ИП Когтева Ольга Викторовна
Champion;C209;Фильтр масляный;1;370;Г3-06;16.06.2022;ИП Когтева Ольга Викторовна
SCT Germany;SM107;ФИЛЬТР МАСЛЯНЫЙ;1;236.98;Г3-06;19.08.2022;Профит Лига
Filtron;OP525;Фильтр масляный;1;627;Г3-06;15.08.2022;"ООО ""ФОРЕСТ"""
Mahle / Knecht;OC310;Фильтр масляный;1;1000;Г3-06;02.08.2022;ИП Когтева Ольга Викторовна
SCT Germany;SM113;Фильтр масляный;1;210;Г3-05;25.05.2022;ИП Когтева Ольга Викторовна
Mahle / Knecht;OC314;Фильтр масляный;1;930;Г3-09;02.08.2022;ИП Когтева Ольга Викторовна
Mahle / Knecht;OX125;ФИЛЬТР МАСЛЯНЫЙ;1;585;Г3-06;22.09.2022;ИП Когтева Ольга Викторовна
SCT Germany;SM165;Фильтр масляный;1;200;Г3-05;25.05.2022;ИП Когтева Ольга Викторовна
VAG;06E115562A;ФИЛЬТР МАСЛЯНЫЙ;1;215;Г3-17;28.03.2017;Автобаза управления делами Воронежской области
SCT Germany;SM168;Фильтр масляный;1;300;Г3-05;25.05.2022;ИП Когтева Ольга Викторовна
Chery;4801012010;ФИЛЬТР МАСЛЯНЫЙ;1;265;Г3-06;22.09.2022;ИП Когтева Ольга Викторовна
Mann;HU7198X;ФИЛЬТР МАСЛЯНЫЙ;1;630;Г1-07;13.03.2023;Emex
Subaru;15208AA100;ФИЛЬТР МАСЛЯНЫЙ;1;628;Г3-09;05.04.2023;Автоспутник (новый)
Toyota;04152YZZA6;ФИЛЬТР МАСЛЯНЫЙ;2;492;скл Н;10.04.2023;Emex
Mann;W671;ФИЛЬТР МАСЛЯНЫЙ;1;919;Г3-03;23.08.2022;Автоспутник (новый)
Mann;W671;ФИЛЬТР МАСЛЯНЫЙ;1;549;Г3-03;25.08.2022;Гринлайт
Kitto;C415;ФИЛЬТР МАСЛЯНЫЙ;4;352.8;Г3-06;15.03.2022;Emex
Hengst;E15HD59;Фильтр Масляный;1;700;Г3-06;16.06.2022;ИП Когтева Ольга Викторовна
Mahle / Knecht;OC500;ФИЛЬТР МАСЛЯНЫЙ;1;1340;Г3-09;02.08.2022;ИП Когтева Ольга Викторовна
Kolbenschmidt;50013820;Фильтр Масляный;1;1500;Г3-09;16.06.2022;ИП Когтева Ольга Викторовна
SCT Germany;SM5085;ФИЛЬТР МАСЛЯНЫЙ;1;973.55;Г3-06;08.11.2022;"ООО ""Ринг Сервис"""
Chery;481H1012010;ФИЛЬТР МАСЛЯНЫЙ;1;336;Г3-06;22.09.2022;ИП Когтева Ольга Викторовна
Fram;PH6811;ФИЛЬТР МАСЛЯНЫЙ;1;446;Г1-07;04.10.2022;АвтоРусь
Kitto;C305;ФИЛЬТР МАСЛЯНЫЙ;1;300;Г3-09;24.08.2022;ИП Когтева Ольга Викторовна
Filtron;OP629;ФИЛЬТР МАСЛЯНЫЙ;1;465;Г1-10;13.10.2022;АвтоРусь
VAG;04E115561H;ФИЛЬТР МАСЛЯНЫЙ;1;2273.4;Г1-01;08.07.2022;Emex
Sakura;C1016;ФИЛЬТР МАСЛЯНЫЙ;1;288;Г1-05;17.04.2023;Москворечье
Mann;W81180;ФИЛЬТР МАСЛЯНЫЙ;1;350.23;Г3-06;03.05.2023;Аркона
Mazda;B6Y114302A;ФИЛЬТР МАСЛЯНЫЙ;1;594.6;Г3-06;27.09.2022;Emex
Mazda;B6Y114302A;ФИЛЬТР МАСЛЯНЫЙ;1;637;Г3-06;07.11.2022;Головнёв Ю. Б. (Автострада)
Mazda;B6Y114302A;ФИЛЬТР МАСЛЯНЫЙ;1;550;Г3-06;21.09.2022;ИП Когтева Ольга Викторовна
Fram;CH5221;Фильтр масляный;1;320;Г3-06;27.09.2022;ИП Когтева Ольга Викторовна
Fram;PH9928;Фильтр масляный;1;420;Г3-09;02.08.2022;ИП Когтева Ольга Викторовна
Filtron;OP520;ФИЛЬТР МАСЛЯНЫЙ;1;292.37;Г3-05;17.11.2022;АвтоРусь
VAG;21115561;Фильтр Масляный;1;1250;Г3-17;17.02.2023;ИП Когтева Ольга Викторовна
UFI;2505000;Фильтр Масляный;1;450;Г3-09;27.09.2022;ИП Когтева Ольга Викторовна
UFI;2501000;Фильтр масляный;1;480;Г3-06;27.09.2022;ИП Когтева Ольга Викторовна
Hengst;H90W27;Фильтр масляный;1;777;Г3-09;02.08.2022;ИП Когтева Ольга Викторовна
Goodwill;OG526;Фильтр масляный;1;540;Г1-10;13.05.2022;ИП Когтева Ольга Викторовна
Goodwill;OG510HQ;Фильтр масляный;1;440;Г1-10;13.05.2022;ИП Когтева Ольга Викторовна
UFI;2326300;Фильтр Масляный;1;258.6;Г1-01;17.03.2022;Emex
UFI;2503500;Фильтр Масляный;1;300;Г3-09;27.09.2022;ИП Когтева Ольга Викторовна
UFI;2502300;Фильтр Масляный;1;320;Г3-06;27.09.2022;ИП Когтева Ольга Викторовна
Champion;F114;Фильтр масляный;1;770;Г3-09;16.06.2022;ИП Когтева Ольга Викторовна
Mazda;SH0114302A;ФИЛЬТР МАСЛЯНЫЙ;1;780;Г3-06;22.09.2022;ИП Когтева Ольга Викторовна
Champion;X105606;Фильтр Масляный;1;150;Г3-06;27.09.2022;ИП Когтева Ольга Викторовна
Goodwill;OG518;Фильтр Масляный;1;800;Г1-10;13.05.2022;ИП Когтева Ольга Викторовна
Purflux;LS357;ФИЛЬТР МАСЛЯНЫЙ;1;625;Г3-09;22.09.2022;ИП Когтева Ольга Викторовна
Yuilfilter;YEC50;ФИЛЬТР МАСЛЯНЫЙ;1;200;Г1-09;31.05.2022;ИП Когтева Ольга Викторовна
Yuilfilter;YEC50;ФИЛЬТР МАСЛЯНЫЙ;1;230;Г1-09;21.09.2022;ИП Когтева Ольга Викторовна
Purflux;L316;Фильтр Масляный;1;625;Г3-17;22.07.2022;ИП Когтева Ольга Викторовна
Fram;CH4747;ФИЛЬТР МАСЛЯНЫЙ;1;160;Г3-06;22.07.2022;ИП Когтева Ольга Викторовна
Hyundai/KIA;0FE3R14302;ФИЛЬТР МАСЛЯНЫЙ;1;560;Г3-09;22.09.2022;ИП Когтева Ольга Викторовна
Ashika;1003306;Фильтр Масляный;1;510;Г3-06;04.10.2022;ИП Когтева Ольга Викторовна
Champion;COF100141S;Фильтр масляный;1;375;Г3-09;16.06.2022;ИП Когтева Ольга Викторовна
Mazda;PE0114302B;ФИЛЬТР МАСЛЯНЫЙ;90;660.6;Г3-05;15.11.2022;Emex
Mazda;PE0114302B;ФИЛЬТР МАСЛЯНЫЙ;1;679.2;Г3-05;15.11.2023;Emex
Champion;C105606;Фильтр Масляный;1;430;Г3-09;16.06.2022;ИП Когтева Ольга Викторовна
Kolbenschmidt;50013828;Фильтр Масляный;1;600;Г3-01;28.09.2016;Основной поставщик
Kolbenschmidt;50013682;Фильтр масляный;1;470;Г3-06;16.06.2022;ИП Когтева Ольга Викторовна
Bosch;451103260;Фильтр Масляный;1;500;Г3-06;16.06.2022;ИП Когтева Ольга Викторовна
Mann;W71295;ФИЛЬТР МАСЛЯНЫЙ;1;568.8;Г3-11;20.04.2023;Emex
Goodwill;OG108;ФИЛЬТР МАСЛЯНЫЙ;1;369;Г3-08;29.06.2017;А-Сервис Сизинцев М.М.
Goodwill;OG218;Фильтр масляный;1;400;Г1-08;06.10.2022;Кучин Иван
Goodwill;OG218;Фильтр масляный;1;494;Г1-08;13.12.2022;ФА Логистик
Mann;HU7156X;Фильтр масляный;1;341.61;Г3-09;28.12.2017;ИП Федотов Александр Евгеньевич
Mann;W7123410;Фильтр масляный;1;318;Г3-06;28.12.2017;ИП Федотов Александр Евгеньевич
Mann;W8153;Фильтр масляный;1;510;Г3-09;20.08.2020;ИП Федотов Александр Евгеньевич
Kitto;C409;ФИЛЬТР МАСЛЯНЫЙ;1;500;Г3-09;24.08.2022;ИП Когтева Ольга Викторовна
Goodwill;OG222HQ;Фильтр масляный;1;364;Г3-06;28.06.2023;Москворечье
Mando;EEOH0011Y;Фильтр масляный;1;230;Г3-06;16.06.2022;ИП Когтева Ольга Викторовна
Kolbenschmidt;50013558;Фильтр масляный;1;370;Г3-06;16.06.2022;ИП Когтева Ольга Викторовна
Bosch;F026407093;Фильтр масляный;1;890;Г3-06;02.08.2022;ИП Когтева Ольга Викторовна
Fram;PH10684;Фильтр масляный;1;530;Г3-09;27.09.2022;ИП Когтева Ольга Викторовна
Purflux;L974;Фильтр масляный;1;2000;Г3-09;21.09.2022;ИП Когтева Ольга Викторовна
Victor Reinz;OX983D;ФИЛЬТР МАСЛЯНЫЙ;1;1640;Г3-09;22.09.2022;ИП Когтева Ольга Викторовна
Blue Print;ADG02110;ФИЛЬТР МАСЛЯНЫЙ;1;315;Г3-06;04.10.2022;ИП Когтева Ольга Викторовна
AIKO;C415;ФИЛЬТР МАСЛЯНЫЙ;22;327;Г1-06;21.03.2022;Emex
SpeedMate;SMOFH003;Фильтр масляный;1;234.17;Г1-06;28.11.2022;АвтоЕвро
SpeedMate;SMOFH003;Фильтр масляный;1;216.04;Г1-06;13.02.2023;АвтоЕвро
AIKO;C222;ФИЛЬТР МАСЛЯНЫЙ;1;233.3;Г3-09;29.10.2021;Автоспутник (новый)
GREEN FILTER;OF0106;ФИЛЬТР МАСЛЯНЫЙ;1;438;Г1-10;21.10.2022;"ООО ""Юрал"""
Volvo;32140029;ФИЛЬТР МАСЛЯНЫЙ;1;1643.4;Г3-09;24.10.2022;Emex
SpeedMate;SMOFH113;Фильтр масляный;1;294.07;Г3-06;21.06.2023;АвтоЕвро
Big Filter;GB1234;ФИЛЬТР МАСЛЯНЫЙ;1;446.93;Г1-07;15.11.2022;Аркона
VIC;DC03;ФИЛЬТР МАСЛЯНЫЙ;1;438;Г3-17;15.04.2021;Emex
Topfils;C932;ФИЛЬТР МАСЛЯНЫЙ;1;330;Г1-06;03.08.2022;Emex
Topfils;C932;ФИЛЬТР МАСЛЯНЫЙ;4;165.6;Г1-06;13.12.2022;ИП Тунгусов Дмитрий Геннадьевич
Iberis;IB774061;ФИЛЬТР МАСЛЯНЫЙ;3;210;Г1-08;10.03.2022;Слуцкий Сергей
UFI;2501300;ФИЛЬТР МАСЛЯНЫЙ;6;358.2;Г1-12;17.03.2022;Emex
Totachi;TC1328;Фильтр масляный;1;500;Г3-01;13.05.2022;ИП Когтева Ольга Викторовна
SCT Germany;SH4032P;Фильтр масляный;1;460;Г3-05;25.05.2022;ИП Когтева Ольга Викторовна
Fram;PH5117;Фильтр масляный;1;320;Г1-07;02.06.2022;ИП Когтева Ольга Викторовна
Kolbenschmidt;50013633;Фильтр масляный;1;385;Г3-09;16.06.2022;ИП Когтева Ольга Викторовна
Kolbenschmidt;50013621;Фильтр масляный;1;350;Г3-09;16.06.2022;ИП Когтева Ольга Викторовна
Mando;EEOK0001Y;Фильтр масляный;1;240;Г3-06;16.06.2022;ИП Когтева Ольга Викторовна
Magneti marelli;1,53072E+11;Фильтр масляный;1;500;Г3-09;16.06.2022;ИП Когтева Ольга Викторовна
UFI;2342900;ФИЛЬТР МАСЛЯНЫЙ;1;470;Г3-09;22.07.2022;ИП Когтева Ольга Викторовна
Mann;HU722X;Фильтр масляный;1;808;Г1-07;14.09.2022;Автоспутник (новый)
Fram;CH10532ECO;ФИЛЬТР МАСЛЯНЫЙ;1;863;Г3-09;19.09.2022;ФА Логистик
Totachi;TC1021;Фильтр масляный;1;500;Г3-06;22.09.2022;ИП Когтева Ольга Викторовна
Dynamatrix;DOFX1231D;Фильтр масляный;1;300;Г3-09;22.09.2022;ИП Когтева Ольга Викторовна
Nipparts;J1310501;Фильтр масляный;1;180;Г3-09;22.09.2022;ИП Когтева Ольга Викторовна
TRW;LFOS117;ФИЛЬТР МАСЛЯНЫЙ;1;205;Г3-06;19.10.2022;Автоспутник (новый)
Metaco;1020201;Фильтр масляный;1;421;Г3-11;03.11.2022;ФА Логистик
Big Filter;GB1224;Фильтр масляный;1;356.04;Г3-05;16.01.2023;Аркона
SCT Germany;SM118;ФИЛЬТР МАСЛЯНЫЙ;1;270.92;Г3-09;23.01.2023;Профит Лига
GREEN FILTER;OF0176;Фильтр масляный;1;532;Г1-09;16.05.2023;ФА Логистик
BMW;11421716192;ФИЛЬТР МАСЛЯНЫЙ;1;1077;Г1-07;15.05.2023;Emex
SCT Germany;SH4039P;Фильтр масляный;1;215;Г3-05;15.06.2023;Основной поставщик
Mahle / Knecht;OC501;Фильтр масляный Alfa/Fiat/Moskvich 2141;1;291;Г1-08;12.01.2023;АвтоРусь
Wunder;WY219;ФИЛЬТР МАСЛЯНЫЙ BMW E90 E60 F10 E65 F01 X1E84 X1 X3 X5 X6;1;466.2;Г1-07;15.12.2022;АвтоРусь
Mahle / Knecht;OC983;Фильтр масляный Fiat/Lancia новый номер;1;500;Г3-09;02.08.2022;ИП Когтева Ольга Викторовна
Mahle / Knecht;OX150D;Фильтр масляный Ford;1;811.91;Г3-11;23.06.2022;Москворечье
Mann;W7015;ФИЛЬТР МАСЛЯНЫЙ FORD 1.0-2.0 ECOBOOST 10-;1;870.6;Г3-11;14.03.2022;Emex
Mahle / Knecht;OC479;Фильтр масляный Ford Maverik/Mazda 01->;1;600;Г3-09;02.08.2022;ИП Когтева Ольга Викторовна
Mahle / Knecht;OC196;ФИЛЬТР МАСЛЯНЫЙ HONDA | KIA | HYUNDAI | MITSUBISHI | OPEL | MAZDA;1;253;Г1-05;19.04.2023;Автоспутник (новый)
Filtron;OP575;ФИЛЬТР МАСЛЯНЫЙ HONDA | KIA | HYUNDAI | MITSUBISHI | OPEL | MAZDA;1;341.75;Г1-09;30.03.2022;Москворечье
Filtron;OP575;ФИЛЬТР МАСЛЯНЫЙ HONDA | KIA | HYUNDAI | MITSUBISHI | OPEL | MAZDA;1;331.29;Г1-09;22.03.2023;Москворечье
Hyundai / KIA;2630035505;ФИЛЬТР МАСЛЯНЫЙ HYUNDAI  KIA  MAZDA  MITSUBISHI;1;444;Г3-11;18.11.2022;Автоспутник (новый)
AIKO;O073;ФИЛЬТР МАСЛЯНЫЙ HYUNDAI / KIA ДВИГАТЕЛЬ D4F, G6D;1;270;Г3-06;25.03.2022;Emex
Sakura;C1809;ФИЛЬТР МАСЛЯНЫЙ HYUNDAI | KIA | NISSAN | RENAULT;1;431.5;Г1-09;10.03.2022;Автоспутник (новый)
Mahle / Knecht;OC1673;ФИЛЬТР МАСЛЯНЫЙ KNECHT HYUNDAI MANN W 81180;1;341.39;Г1-08;04.11.2022;Москворечье
Mahle / Knecht;OC1673;ФИЛЬТР МАСЛЯНЫЙ KNECHT HYUNDAI MANN W 81180;1;336;Г1-08;22.03.2023;Москворечье
LYNXauto;LC1401;Фильтр масляный LYNXauto LC-1401;1;343;Г1-10;24.11.2022;АвтоРусь
MANN-FILTER;W81180;Фильтр масляный MANN W 811/80 MANN W 811/80;26;349.89;Г3-06;26.12.2022;АвтоРусь
Mahle / Knecht;OC615;ФИЛЬТР МАСЛЯНЫЙ MAZDA BT-50 | FORD RANGER DIESEL;1;660;Г3-09;02.08.2022;ИП Когтева Ольга Викторовна
Mahle / Knecht;OC615;ФИЛЬТР МАСЛЯНЫЙ MAZDA BT-50 | FORD RANGER DIESEL;1;660;Г3-09;19.06.2023;Основной поставщик
Mahle / Knecht;OX33D;Фильтр масляный MB;1;375;Г1-10;22.08.2016;Евроавто магазин поступление
Mann;HU7181K;ФИЛЬТР МАСЛЯНЫЙ MB W202 | 203 | 210 | 211 | 220 2.4-6.0;4;431.6;Г3-17;09.03.2022;Автоспутник (новый)
Filtron;OE6486;ФИЛЬТР МАСЛЯНЫЙ OPEL | CHEVROLET 1.0 | 1.2 | 1.4 | 1.6 | 1.8 04-;1;510.53;Г1-04;15.03.2022;Москворечье
Filtron;OP6434;ФИЛЬТР МАСЛЯНЫЙ RENAULT CLIO | KANGOO | GRAND SCENIC;2;497.41;Г1-07;10.03.2022;Москворечье
Mahle / Knecht;OC478;Фильтр масляный Toyota;1;1000;Г3-09;02.08.2022;ИП Когтева Ольга Викторовна
Toyota;90915YZZG1;Фильтр масляный Toyota;1;900;Г3-06;22.09.2022;ИП Когтева Ольга Викторовна
Sakura;C1113;ФИЛЬТР МАСЛЯНЫЙ TOYOTA | DAIHATSU | SUZUKI;1;422.7;Г1-05;09.03.2022;Автоспутник (новый)
Blue Print;ADV182108;ФИЛЬТР МАСЛЯНЫЙ VAG 80 | 100 | A4 | A6 | G3 | PASSAT 1.6-4.2;1;478.5;Г2-07;10.03.2022;Москворечье
Mando;MMF040055;ФИЛЬТР МАСЛЯНЫЙ VOLVO S40/S60/S80 2.4D/2.5/FORD FO;1;253.19;Г3-01;05.08.2022;Москворечье
Parts-Mall;PBT007;ФИЛЬТР МАСЛЯНЫЙ VW GOLF | JETTA | PASSAT 05- | AUDI A3 | SKODA OCTAVIA;1;229.8;Г3-05;21.03.2022;Emex
Parts-Mall;PBT007;ФИЛЬТР МАСЛЯНЫЙ VW GOLF | JETTA | PASSAT 05- | AUDI A3 | SKODA OCTAVIA;1;173.4;Г3-05;24.03.2022;Emex
Mann;W71921;ФИЛЬТР МАСЛЯНЫЙ VW PASSAT | GOLF 1.8GTI -97;3;327;Г3-11;26.01.2022;ИП Федотов Александр Евгеньевич
Fortech;FO085;ФИЛЬТР МАСЛЯНЫЙ VW, SKODA;1;417.14;Г1-08;06.09.2022;АвтоРусь
Mann;W94055;ФИЛЬТР МАСЛЯНЫЙ ГРУЗ | КОММ;1;300;Г3-09;25.06.2018;ИП Федотов Александр Евгеньевич
Clean Filters;ML1708;Фильтр масляный двигателя;1;256;Г1-09;31.05.2022;ИП Когтева Ольга Викторовна
ALCO;SP810;Фильтр масляный двигателя;1;195;Г3-06;04.10.2022;ИП Когтева Ольга Викторовна
UFI;2501700;Фильтр масляный двигателя;1;400;Г3-09;27.09.2022;ИП Когтева Ольга Викторовна
Hengst;H90W29;Фильтр масляный двигателя;1;600;Г3-09;02.08.2022;ИП Когтева Ольга Викторовна
Fram;CH8978ECO;Фильтр масляный двигателя;1;280;Г3-06;27.09.2022;ИП Когтева Ольга Викторовна
GREEN FILTER;OF0110;Фильтр масляный двигателя;1;215;Г1-10;23.01.2023;ФА Логистик
Champion;COF100530E;ФИЛЬТР МАСЛЯНЫЙ КАРТРИДЖ;1;367;Г3-06;04.05.2022;"ООО ""Юрал"""
Kujiwa;KUME0073;ФИЛЬТР МАСЛЯНЫЙ КАРТРИДЖ KUME0073 KUJIWA 263203C;1;376.2;Г1-07;22.03.2022;Emex
SCT;SA1132;Фильтр салон;1;473;Т2-03;31.05.2017;Евроавто магазин поступление
Mahle / Knecht;CU2038;Фильтр салон;2;410;Т2-04;17.01.2017;Болотов ИП Самушев
Kitto;AC0110;Фильтр салон Audi A2 00->05/MB W463 89->/VW Polo 01->;1;450;Т2-08;17.11.2022;Основной покупатель
Hyundai / KIA;971332B010;Фильтр салон Hyundai Santa Fe 06->/Kia Magentis 05->;1;809;Т1-04;27.12.2019;Модус-ВН
Kitto;AC931;Фильтр салон Suzuki;1;550;T2-08;11.04.2022;ИП Когтева Ольга Викторовна
Goodwill;AG5742KCF;Фильтр салона;1;250;Т1-08;24.04.2017;Гвозданный Михаил Владимирович
Goodwill;AG5742KCF;Фильтр салона;1;475;Т1-08;07.04.2022;ИП Когтева Ольга Викторовна
HCC;9761725000;Фильтр Салона;1;185;Т2-03;;Безруков Александр Викторович
Goodwill;AG395CF;Фильтр Салона;1;319;Т1-05/1;25.04.2023;Москворечье
Delphi;TSP0325230;Фильтр салона;1;550;Т2-03;06.02.2020;Соколаев Олег ЮЗ
Mazda;GE7B61J6X;Фильтр салона;1;5000;Т2-08;21.09.2022;ИП Когтева Ольга Викторовна
Miles;AFW1331;Фильтр салона;1;277;Т1-06;06.07.2022;Москворечье
Roadrunner;RR0030FL;Фильтр салона;1;500;Т2-08;21.09.2022;ИП Когтева Ольга Викторовна
Fortech;FS015;ФИЛЬТР САЛОНА;1;202.46;T2-06;12.12.2022;Аркона
Patron;PF2003;ФИЛЬТР САЛОНА AUDI A8 97-02 УПАК.2ШТ.;1;520;Т2-03;06.04.2022;Основной покупатель
Corteco;21653066;ФИЛЬТР САЛОНА CC1139 AUDI A6 04-11 CUK30232 УГОЛЬ.;1;504.13;Т2-03;30.05.2018;ФА Логистик
HYNDAI/KIA;S971332H001;Фильтр салона Ceed 12 Cerato 13;1;1153;Т1-04;27.12.2019;Модус-ВН
Denso;DCF033P;Фильтр салона CITROEN C2 1.1i, 1.4HDi, 1.;1;261.11;Т2-03;19.07.2016;Автоспутник
Kitto;AC51003C;ФИЛЬТР САЛОНА FORD FOCUS 20082011 УГОЛЬНЫЙ;1;352.5;Т2-08;26.04.2017;Техно Плюс_ООО
Parts-Mall;PMA021;ФИЛЬТР САЛОНА HYUNDAI SANTA FE 03- УПАК.2ШТ.;1;291;T1-06;15.06.2021;Москворечье
Parts-Mall;PMA021;ФИЛЬТР САЛОНА HYUNDAI SANTA FE 03- УПАК.2ШТ.;1;414;T1-06;04.04.2022;Москворечье
Parts-Mall;PMAP11;ФИЛЬТР САЛОНА HYUNDAI TUCSON | KIA SPORTAGE | RIO;1;284;Т2-03;29.05.2020;Москворечье
Blue Print;ADT32512;ФИЛЬТР САЛОНА LEXUS RX | TOYOTA CAMRY 01-06 УГОЛЬНЫЙ;1;616;Т1-09;11.04.2022;ИП Когтева Ольга Викторовна
Mapco;65544;ФИЛЬТР САЛОНА MAZDA 3 03- КОМПЛ. 2 ШТ.;1;636;Т1-08;11.04.2022;ИП Когтева Ольга Викторовна
Miles;AFW2293;ФИЛЬТР САЛОНА MAZDA 3 09 УПАК,2ШТ, AFW2293;1;360;T2-08;04.11.2022;Москворечье
Mahle / Knecht;LAK11;ФИЛЬТР САЛОНА OPEL ASTRA | CORSA УГОЛЬНЫЙ;1;662.88;Т1-01;;
Goodwill;AG399CF;ФИЛЬТР САЛОНА PSA C3 | C4 | 307 | 308 02-;1;560;Т1-08;07.04.2022;ИП Когтева Ольга Викторовна
Sakura;CA16130;ФИЛЬТР САЛОНА SAKURA CA16130;1;744;Т1-04;20.06.2022;Автоспутник (новый)
Mann;CU22004;ФИЛЬТР САЛОНА SUBARU IMPREZA | FORESTER 08-;1;1615.15;Т1-06;23.03.2022;Москворечье
Blue Print;ADT32505;ФИЛЬТР САЛОНА SUBARU LEGACY | TOYOTA YARIS | LC120 | PREVIA | PRIUS;1;300;Т1-09;11.04.2022;ИП Когтева Ольга Викторовна
AMD;AMDJFC95;ФИЛЬТР САЛОНА TOYOTA AVENSIS | COROLLA -07;1;260;Т1-04/2;11.04.2022;ИП Когтева Ольга Викторовна
TSN;97387;ФИЛЬТР САЛОНА TOYOTA MATRIX USA. PONTIAC VIBE USA;2;228;Т2-07;10.03.2022;Москворечье
TSN;97864;ФИЛЬТР САЛОНА ПЫЛЕВОЙ SSANGYONG NEW ACTYON 11- KORANDO C;1;275;Т2-07;10.01.2017;Евроавто магазин поступление
TSN;97345;ФИЛЬТР САЛОНА ПЫЛЕВОЙSUZUKI GRAND VITARA;1;184;Т2-07;01.01.2017;Aвтоспутник+
Sakura;CAC18270;ФИЛЬТР САЛОНА УГОЛЬНЫЙ;1;575.44;Т1-06;09.03.2022;ИП Котов Алексей Владимирович
Goodwill;AG471CFC;Фильтр салона угольный;1;878.4;Т1-08;04.10.2022;Аркона
SpeedMate;SMPCH028;Фильтр салона угольный HYUNDAI SOLARIS (II) (2017-),CRETA (2016-),TUCS;1;460.22;Т2-06;30.09.2021;АвтоЕвро
SpeedMate;SMPCK011;Фильтр салона угольный HYUNDAI TUCSON (JM) (2004-)/KIA SPORTAGE (JE) (;1;353;Т1-09;16.07.2021;АвтоЕвро
Fortech;FS046C;ФИЛЬТР САЛОНА УГОЛЬНЫЙ HYUNDAI: SANTA FE II 0609;1;378;Т2-06;13.05.2019;Emex
TSN;97330;ФИЛЬТР САЛОНА УГОЛЬНЫЙ КОМПЛЕКТ 2 ШТУКИ NISSAN NAVARA PATHFINDER;1;420;Т2-07;11.04.2022;ИП Когтева Ольга Викторовна
AMD;AMDFC72;Фильтр салонный;1;154.79;Т2-05;;
AMD;AMDFC29;ФИЛЬТР САЛОННЫЙ;1;170;Т1-04/2;11.04.2022;ИП Когтева Ольга Викторовна
Mapco;65207;Фильтр салонный;1;561;Т1-08;11.04.2022;ИП Когтева Ольга Викторовна
Zekkert;IF3009;Фильтр Салонный;1;338.06;Т1-09;03.11.2022;"ООО ""ФОРЕСТ"""
Zekkert;IF0143;Фильтр Салонный;1;200;Т1-08;16.03.2017;"ООО ""Ромавто"""
Kitto;AC0069C;Фильтр салонный;1;288.04;Т2-08;03.04.2017;Техно Плюс_ООО
Nevsky Filter;NF6429;ФИЛЬТР САЛОННЫЙ;1;197;Т1-05;21.07.2022;Профит Лига
Big Filter;GB9936;ФИЛЬТР САЛОННЫЙ;1;200;Т1-05;10.08.2022;"ООО ""Ромавто"""
KURIN;AC211C2;Фильтр салонный;2;94.5;Т2-05;12.03.2020;Техно Плюс_ООО (KURIN)
JS Asakashi;AC9312;ФИЛЬТР САЛОННЫЙ;1;500;Т1-08;06.02.2023;Основной поставщик
AMD;AMDFC741C;ФИЛЬТР САЛОННЫЙ  УГОЛЬНЫЙ;1;310.8;Т1-04/2;24.10.2022;АвтоРусь
Nipparts;J1347002;Фильтр салонный / subaru;1;630;Т1-06;18.01.2017;Доровский Илья (Комис)
AMD;AMDJFC99;ФИЛЬТР САЛОННЫЙ 87139-47010 | .JFC99;1;201.6;Т2-05;08.08.2022;ФА Логистик
Pilenga;BMFA0437;ФИЛЬТР САЛОННЫЙ FORD TRANSIT 2007;1;110;Т1-04;13.05.2022;ИП Панкова Ирина Евгеньевна
Olymp;FS134;ФИЛЬТР САЛОННЫЙ FS134 OLYMP VOLVO S60 II / V60 /;1;300;Т1-06;11.04.2022;ИП Когтева Ольга Викторовна
Olymp;FS134;ФИЛЬТР САЛОННЫЙ FS134 OLYMP VOLVO S60 II / V60 /;1;300;Т1-06;22.06.2023;Основной поставщик
Nevsky Filter;NF61872;ФИЛЬТР САЛОННЫЙ HONDA CIVIC VI HATCHBACK EU EP 01;1;149.14;T2-08;20.01.2023;Аркона
Mahle / Knecht;LA134;Фильтр салонный Renault Scenic 99-03;1;443.29;Т1-02;;
Big Filter;GB9989;ФИЛЬТР САЛОННЫЙ SKODA OTAVIA III 13 SUPERB 15 VW;1;313.06;Т1-09;19.01.2023;Аркона
AMD;FC741C;ФИЛЬТР САЛОННЫЙ УГОЛЬНЫЙ AMD.FC741C;1;349.2;Т1-04/2;02.09.2022;АвтоРусь
Marshall;MC2772K;ФИЛЬТР САЛОННЫЙ УГОЛЬНЫЙ TOYOTA CAMRY XV4 XV5 06;1;407.2;Т1-08;05.03.2022;Автоспутник (новый)
Fram;G7729;Фильтр топл;1;920;Г3-01;16.06.2022;ИП Когтева Ольга Викторовна
Fram;C8981ECO;Фильтр топл;1;720;Г3-01;16.06.2022;ИП Когтева Ольга Викторовна
Alco Filters;SP2027;Фильтр топл;1;300;Г3-10;19.02.2015;масло Равенол
Japan Parts;FCECO015;Фильтр топл;1;320;Г3-18;25.05.2022;ИП Когтева Ольга Викторовна
Mahle / Knecht;KC36;Фильтр топл VAG;1;380;Г3-10;21.09.2022;ИП Когтева Ольга Викторовна
Mahle / Knecht;KL61;ФИЛЬТР ТОПЛИВНЫЙ;1;705;Г3-08;22.07.2022;ИП Когтева Ольга Викторовна
Mahle / Knecht;KL181;ФИЛЬТР ТОПЛИВНЫЙ;1;670;Г3-01;21.09.2022;ИП Когтева Ольга Викторовна
Filtron;PP850;Фильтр Топливный;1;860;Г3-04;13.05.2022;ИП Когтева Ольга Викторовна
Mahle / Knecht;KL185;ФИЛЬТР ТОПЛИВНЫЙ;1;1000;Г3-10;21.09.2022;ИП Когтева Ольга Викторовна
Daewoo;96537170;ФИЛЬТР ТОПЛИВНЫЙ;1;824;Г3-10;21.09.2022;ИП Когтева Ольга Викторовна
Goodwill;FG201;Фильтр топливный;1;202;Г3-10;16.10.2017;А-Сервис Сизинцев М.М.
Sakura;FC2502;Фильтр топливный;1;490;Г3-01;16.06.2022;ИП Когтева Ольга Викторовна
AMD;AMDFF22;ФИЛЬТР ТОПЛИВНЫЙ;1;260;Г3-18;25.05.2022;ИП Когтева Ольга Викторовна
Fram;G7146;Фильтр топливный;1;485;Г3-01;16.06.2022;ИП Когтева Ольга Викторовна
Fram;P5163;ФИЛЬТР ТОПЛИВНЫЙ;1;675;Г3-08;17.01.2017;Болотов ИП Самушев
Fram;G9484;Фильтр топливный;1;1030;Г3-01;16.06.2022;ИП Когтева Ольга Викторовна
Fram;P5653;Фильтр топливный;1;240;Г3-01;16.06.2022;ИП Когтева Ольга Викторовна
Alco Filters;SP1236;Фильтр топливный;1;540;Г1-09;20.02.2015;масло Равенол
UFI;2432100;Фильтр Топливный;1;400;Г3-18;25.05.2022;ИП Когтева Ольга Викторовна
UFI;2432100;Фильтр Топливный;1;355;Г3-18;22.07.2022;ИП Когтева Ольга Викторовна
UFI;2441600;Фильтр Топливный;1;950;Г1-09;25.05.2022;ИП Когтева Ольга Викторовна
Goodwill;FG501;Фильтр топливный;1;718;Г1-10;27.09.2022;Москворечье
Pmc;PCB014;Фильтр топливный;2;79;Г3-04;01.01.2017;Aвтомедон-M+
Fram;G7766;Фильтр Топливный;1;540;Г3-01;16.06.2022;ИП Когтева Ольга Викторовна
Daimler AG;A6420906052;ФИЛЬТР ТОПЛИВНЫЙ;1;8000;Г3-10;21.09.2022;ИП Когтева Ольга Викторовна
Goodwill;FG800;Фильтр Топливный;1;550;Г3-01;22.07.2022;ИП Когтева Ольга Викторовна
Ashika;3001122;Фильтр Топливный;1;1000;Г3-04;16.06.2022;ИП Когтева Ольга Викторовна
Fiamm;FT5141;ФИЛЬТР ТОПЛИВНЫЙ;1;300;Г3-10;24.08.2022;ИП Когтева Ольга Викторовна
Hyundai / KIA;311123X000;ФИЛЬТР ТОПЛИВНЫЙ;1;2265;Г3-08;22.07.2022;ИП Когтева Ольга Викторовна
Filtron;PP835;Фильтр Топливный;1;920;Г3-04;13.05.2022;ИП Когтева Ольга Викторовна
BSG;BSG90130011;Фильтр Топливный;1;480;Г3-08;24.08.2022;ИП Когтева Ольга Викторовна
Ashika;300HH16;Фильтр Топливный;1;820;Г3-04;16.06.2022;ИП Когтева Ольга Викторовна
Nipparts;J1335037;ФИЛЬТР ТОПЛИВНЫЙ;1;460;Г2-10;25.05.2022;ИП Когтева Ольга Викторовна
Goodwill;FG129;Фильтр топливный;1;943;Г3-18;31.08.2022;Москворечье
Fram;G3747;Фильтр топливный;1;705;Г3-01;16.06.2022;ИП Когтева Ольга Викторовна
Kolbenschmidt;50013680;ФИЛЬТР ТОПЛИВНЫЙ;1;315;Г3-01;22.07.2022;ИП Когтева Ольга Викторовна
Mann;WK6182;Фильтр Топливный;1;206;Г3-10;24.03.2017;Евроавто магазин поступление
Big Filter;GB6116;Фильтр топливный;1;479.61;Г3-01;25.04.2023;Аркона
Mann;WK6143X;Фильтр топливный;2;499;Г3-08;26.01.2022;ИП Федотов Александр Евгеньевич
Mann;WK729;Фильтр топливный;1;283.2;Г3-08;28.12.2017;ИП Федотов Александр Евгеньевич
Purflux;CS157A;Фильтр топливный;1;315;Г3-01;22.07.2022;ИП Когтева Ольга Викторовна
KNECHT (MAHLE FILTER);KX631;Фильтр топливный;1;420;Г3-10;21.09.2022;ИП Когтева Ольга Викторовна
Mapco;62512;Фильтр топливный;1;290;Г3-08;24.08.2022;ИП Когтева Ольга Викторовна
Automega;180013010;Фильтр топливный;1;440;Г3-04;13.05.2022;ИП Когтева Ольга Викторовна
Nipparts;J1332034;Фильтр топливный;1;420;Г3-18;25.05.2022;ИП Когтева Ольга Викторовна
Logem;LVA1070;Фильтр топливный;3;290;Г3-10;27.09.2022;ИП Когтева Ольга Викторовна
Klaxcar france;FE019Z;Фильтр топливный;1;400;Г3-10;24.08.2022;ИП Когтева Ольга Викторовна
Fram;G3713;Фильтр топливный;1;335;Г3-04;16.06.2022;ИП Когтева Ольга Викторовна
Mecafilter;ELG5254;Фильтр топливный;1;800;Г3-10;24.08.2022;ИП Когтева Ольга Викторовна
Alco Filters;SP1365;Фильтр топливный;1;1050;Г3-04;13.05.2022;ИП Когтева Ольга Викторовна
Opar;77362340E;Фильтр Топливный;1;540;Г3-18;21.01.2019;Струков Максим Николаевич
JS Asakashi;FS0089;ФИЛЬТР ТОПЛИВНЫЙ;1;1339;Г3-01;23.08.2022;Автоспутник (новый)
Klaxcar;FE033Z;ФИЛЬТР ТОПЛИВНЫЙ;1;539;Г3-10;14.09.2019;ИП Коротеев Д.В.
HYNDAI/KIA;11QA71040;Фильтр топливный;1;2500;Г3-08;05.05.2021;Балакирев Александр
LYNXauto;LF966M1;ФИЛЬТР ТОПЛИВНЫЙ;1;1222.2;Г3-01;04.06.2021;Emex
Meyle;2143230000;Фильтр топливный;1;625;Г3-01;22.07.2022;ИП Когтева Ольга Викторовна
Ossca;4892;Фильтр топливный;1;500;Г3-18;22.08.2022;ИП Когтева Ольга Викторовна
Automega;013008130569A;Фильтр топливный;1;1000;Г3-18;22.08.2022;ИП Когтева Ольга Викторовна
Concord;FL20016;Фильтр топливный;1;700;Г3-10;24.08.2022;ИП Когтева Ольга Викторовна
Clean Filter;DN1921;Фильтр топливный;1;340;Г3-10;24.08.2022;ИП Когтева Ольга Викторовна
Wix Filters;33242;Фильтр топливный;2;1500;Г3-18;02.11.2022;Якушов Александр Алексеевич_ИП
Mando;EEOL0006Y;ФИЛЬТР ТОПЛИВНЫЙ ACTYON NEW/SPORTS NEW 2,0 EXDI20;1;560;Г3-10;24.08.2022;ИП Когтева Ольга Викторовна
SCT Germany;ST343;Фильтр топливный Alfa Romeo/Fiat 1.4-1.8;1;246;Г3-08;01.01.2017;SCT Mannol+
GREEN FILTER;KF0119;ФИЛЬТР ТОПЛИВНЫЙ AUDI;1;390;Г3-01;22.08.2022;ИП Когтева Ольга Викторовна
GREEN FILTER;KF0119;ФИЛЬТР ТОПЛИВНЫЙ AUDI;1;400;Г3-01;31.05.2018;"ООО ""Ромавто"""
GREEN FILTER;KF0119;ФИЛЬТР ТОПЛИВНЫЙ AUDI;1;634;Г3-01;31.08.2022;ФА Логистик
Iberis;IB773043;ФИЛЬТР ТОПЛИВНЫЙ AUDI 100 80 90 A6;1;363.9;Г3-01;09.03.2022;Автоспутник (новый)
SCT Germany;ST377;ФИЛЬТР ТОПЛИВНЫЙ AUDI A100 2.5D;2;250;Г3-08;01.01.2017;SCT Mannol+
Gparts;VO31262351;Фильтр Топливный Dsl 850 X70;1;800;Г3-10;24.08.2022;ИП Когтева Ольга Викторовна
SCT Germany;ST302;ФИЛЬТР ТОПЛИВНЫЙ GAZ | FIAT | PEUGEOT GAZELLE | JUMPER | BOXER 2.4D;1;380;Г3-10;24.05.2022;ИП Когтева Ольга Викторовна
Nipparts;J1330505;ФИЛЬТР ТОПЛИВНЫЙ HYUNDAI ACCENT | LANTRA | GETZ 1.5-2.0;1;252.05;Г3-01;07.08.2017;Москворечье
Sakura;FC5301;ФИЛЬТР ТОПЛИВНЫЙ MB W460 76- 2.0-3.0 DIESEL;1;350;Г3-08;28.11.2020;"АО ""Галерея Чижова"""
Fram;P10357;Фильтр топливный Mitsubishi L200 05-;1;846;Г3-04;28.01.2016;"ООО ""СКИФ"""
Stellox;2100508SX;ФИЛЬТР ТОПЛИВНЫЙ NISSAN NAVARA/PATHF;1;1015;Г3-08;22.07.2022;ИП Когтева Ольга Викторовна
Mahle / Knecht;KX87D;ФИЛЬТР ТОПЛИВНЫЙ PEUGEOT | CITROEN HDI;1;1000;Г3-18;06.04.2022;Основной покупатель
Kolbenschmidt;50014100;ФИЛЬТР ТОПЛИВНЫЙ RENAULT | OPEL TRAFIC | MASTER | VIVARO | MOVANO 00-;1;506;Г3-01;12.01.2017;Евроавто магазин поступление
SCT Germany;SC7021;Фильтр топливный Renault Megane/Laguna 1,9TDI 96-;1;390;Г3-08;04.10.2022;ИП Когтева Ольга Викторовна
Parts-Mall;PCF003;ФИЛЬТР ТОПЛИВНЫЙ TOYOTA LAND CRUISER 7080 2.4D-4.2DMAZDA B-SERIE 2.0D-;1;549.01;Г3-10;16.11.2022;Профит Лига
Mahle / Knecht;KL571;ФИЛЬТР ТОПЛИВНЫЙ VAG 20-32TFSI 04-;1;2340;Г3-08;22.07.2022;ИП Когтева Ольга Викторовна
Quattro freni;QF16A00048;ФИЛЬТР ТОПЛИВНЫЙ в топливном баке;1;1100;Г3-10;02.11.2022;Якушов Александр Алексеевич_ИП
Masuma;MFF3199;Фильтр Топливный Высокого Давления Fc188 Masuma;1;418.44;Г3-10;04.03.2022;АвтоЕвро
Movelex;FF5706MX;ФИЛЬТР ТОПЛИВНЫЙ ГАЗ-3309.3310 ДВ CUMMINS ISF 3.8;2;776.69;Г3-01;24.11.2022;"ООО ""Паскер ЛТД"""
GREEN FILTER;KK0114F;ФИЛЬТР ТОПЛИВНЫЙ КАРТРИДЖ;1;402;Г3-18;11.01.2023;ФА Логистик
Goodwill;FS01;ФИЛЬТР ТОПЛИВНЫЙ. КОМПЛЕКТ;1;3856.3;Г3-10;28.03.2022;Автоспутник (новый)
Japan Parts;FCECO081;Фильтр топлмвный;1;510;Г3-18;25.05.2022;ИП Когтева Ольга Викторовна
Mahle / Knecht;LA239;Фильтр, Воздух Во Внутренном Пространстве;1;589;Т1-02;06.09.2017;"ООО ""Ромавто"""
Mahle / Knecht;LA239;Фильтр, Воздух Во Внутренном Пространстве;1;589;Т1-02;22.06.2023;Основной поставщик
Mfilter;K908;Фильтр, Воздух Во Внутренном Пространстве;1;378;Т1-04/1;22.08.2022;"ООО ""Юрал"""
Fram;CF9408;ФИЛЬТР, ВОЗДУХ ВО ВНУТРЕННОМ ПРОСТРАНСТВЕ;1;450;Т2-08;21.09.2022;ИП Когтева Ольга Викторовна
Ford;1880424;ФИЛЬТРУЮЩИЙ ЭЛЕМЕНТ ВОЗДУШНОГО ФИЛЬТРА TSB 752014;1;1200;Т1-05;10.08.2022;"ООО ""Ромавто"""
Kitto;O205;ФИЛЬТРЫВСТАВКИ МАСЛЯННЫЕ;1;240;Г3-06;22.09.2022;ИП Когтева Ольга Викторовна
Blue Print;ADF122311;Фильттр топливный;1;800;Г3-18;22.08.2022;ИП Когтева Ольга Викторовна
Ledo;80211LFFB;Фланец с топливным фильтром на VAG;1;2754;Г4-04;20.04.2022;Автоспутник (новый)
Depo;21519J9LOE;Фонарь;1;2050;T2-11;17.05.2017;ИП Ненахов А.А.
Hella;9EL141800031;Фонарь зад нар R VW Passat 93-97 г седан = 3A5945112 = 9EL141890-031R;1;2721;T2-11;17.11.2016;"Зюзин М.А. м-н ""Ралли"""
GM;1222598;Фонарь зад. прав. ПТФ Mokka;1;4800;T2-10;13.05.2019;Куракин Артем (АстраМоторс)
Hella;9EL138568015;Фонарь задн;1;1975;T2-11;17.01.2017;Болотов ИП Самушев
Hella;9EL126339047;Фонарь задн внутр R A100 83-90 г = 443945226 443945226;1;456;T2-09;17.11.2016;"Зюзин М.А. м-н ""Ралли"""
Magneti marelli;7,14029E+11;Фонарь задний;1;2000;T2-09;13.01.2015;Основной поставщик
Goodwill;AG367CF;Фр Сал.;1;319;Т1-05;28.06.2023;Москворечье
Goodwill;AG323CF;Фр Сал.;1;205.8;Т1-08;09.08.2022;Emex
Goodwill;AG323CF;Фр Сал.;1;225.4;Т1-08;05.10.2021;Автоспутник (новый)
Renault;8201088951;Шкив насоса ГУР;1;2000;А1-07/КОР;04.02.2015;Асессоров АВ_ИП
