Brembo;A00500;Датчик износа торм.колодок;1;610.28;Г2-10 КОР;06.04.2023;Автоспутник (новый)
Force;52611;1/4 ГОЛОВКА TORX Е11;1;105;Витрина;01.09.2023;ИП Мясников  С.М
Stellox;1023140SX;10-23140-SX40 889 15 ПРУЖИНА ПЕР. SUZUKI IGNIS;1;1211.26;Н3-18;22.09.2023;"ООО ""Юрал"""
Lukoil;3187428;15W40 АВАНГАРД УЛЬТРА CI-4SL. КАН. 20Л МАСЛО;1;4291;ХИМ;19.06.2023;"ООО ""РТК"""
Sakura;33211005;33211005 Радиатор MITSUBISHI PAJERO 3.0-3.8 00-/06-;1;9366.3;Н1-20;03.08.2023;Москворечье
Elring;384360;384.360 Комплект прокладок масляного радиатора OPEL 1.6/1.8 07-;1;1613.5;Г2-05;07.04.2023;Автоспутник (новый)
SACHS;6284605026;6284 605 026 Цилиндр сцепл.глав.AUDI Q7/VW TOUAREG 2.5-3.6 03-;1;5138.69;Г2-10;22.05.2023;Москворечье
Dominator;575112060;6СТ-75R 276|175|190 750А ОБР. DOMINA;1;6318;магазин;18.09.2023;ИП Мясников  С.М
AMD;AMDFC741;AMD.FC741 Фильтр салонный 6R0820367/AMD.FC741 AMD;1;258.09;С6-07;31.08.2023;Москворечье
AywiParts;AW1360447L;AW1360447L Рычаг подвески передний нижний L с шаровой опорой BMW X5 (E;1;1629.94;A5-15;17.10.2023;Москворечье
PMC-ESSENCE;HCIB098S;HCIB-098S Кольца поршневые KIA SPECTRA 1.6  -04 STD DOHC;1;1195.34;Г2-13;16.06.2023;Москворечье
Lifan;LF479Q31008227A;INTAKE MANIFOLD SEAL;1;349.16;Г2-02;12.05.2023;АвтоЕвро
Stone;JG17174;JG-17174  ПРОКЛАДКА СВЕЧНОГО КОЛОДЦА   EAC;4;168;A2-07;18.09.2023;"ООО ""ДонАвто"""
Graf;KP13526;KP1352-6 Комплект ремня ГРМ ALFA ROMEO/FIAT/OPEL 1.9D/2.0D 06- (с помп;1;5655.83;Г2-13;19.05.2023;Москворечье
Japan Cars;J93006;Mazda 323 F  рычаг задний левый;1;1870;А1-05;17.11.2016;"Зюзин М.А. м-н ""Ралли"""
Filtron;OC603;MB Trucks 613.811......1319  масляный фильтр OC603;2;244;T3-07;15.08.2016;"Зюзин М.А. м-н ""Ралли"""
Parts-Mall;PCA064;PCA-064 ФИЛЬТР ТОПЛИВНЫЙ HYUNDAI ELANTRA 14-/KIA S;1;1031.34;Г3-10;29.11.2022;Профит Лига
Parts-Mall;588124A021;RA ШЛАНГ ТОРМОЗНОЙ ПЕРЕДНИЙ HYUNDAI STAREX;2;482;Д1-06/Кор;03.10.2023;"ООО ""ФОРЕСТ"""
HI-Q;SP1720;"SP1720 Колодки тормозные HYUNDAI i30/ELANTRA 11-/CEED R16"" 12- передни";1;1367.37;Б3-09;09.10.2023;Москворечье
Daimler AG;A2133220000;АВТОДЕТАЛЬ;1;102;Г2-06;12.04.2023;"ООО ""АврораАвто"""
Just Drive;JRS0209;АВТОДЕТАЛЬ;2;150.15;Кор7 втулки;20.10.2023;"ООО ""ДонАвто"""
Trialli;FR2501;АВТОПРИНАДЛЕЖНОСТЬ;1;7722;A5-000;18.05.2023;Аркона
Krauf;GCS8046AD;АВТОПРИНАДЛЕЖНОСТЬ;1;687.8;Э2-09;27.10.2023;ФА Логистик
SUFIX;FP2387;АВТОПРИНАДЛЕЖНОСТЬ;2;706;H3-09;09.10.2023;АвтоЕвро
Tatsumi;TAA5206;АВТОПРИНАДЛЕЖНОСТЬ;2;2810;Амортизаторы;15.05.2023;Профит Лига
CTR;CL0297R;АВТОПРИНАДЛЕЖНОСТЬ;1;625.59;C1-09;27.06.2023;Аркона
Just Drive;JAA0430;АМОРТИЗАТОР;2;2925.6;аморт;28.06.2023;"ООО ""ДонАвто"""
Hola;SH21008G;АМОРТИЗАТОР;1;3350;аморт;27.10.2023;ФА Логистик
Hola;SH22008G;АМОРТИЗАТОР;1;3350;аморт;27.10.2023;ФА Логистик
Zekkert;SG6339;АМОРТИЗАТОР ГАЗОВЫЙ ЗАДНЕЙ ПОДВЕСКИ DAEWOO KORANDO KJ 99;2;1564.37;аморты;02.10.2023;"ООО ""ФОРЕСТ"""
AcDelco;19376584;АМОРТИЗАТОР ЗАДНИЙ. ХОД СЖАТИЯ 1350 |- 170 118;1;3039.64;аморт;19.07.2023;"ООО ""ФОРЕСТ"""
BSG;40980012;АМОРТИЗАТОР ОКНА ЗАДНЕЙ ОТКИДНОЙ ДВЕРИ HYUNDAI TUC;2;437;A1-04;29.09.2023;"ООО ""Юрал"""
Boge;32412F;Амортизатор перед.газо-масл.  Opel Omega  86-94 0344147;1;2225;Амортизаторы;05.09.2016;"Зюзин М.А. м-н ""Ралли"""
Zekkert;SG6532;АМОРТИЗАТОР ПЕРЕДНИЙ;1;2496.52;Амортизаторы;11.05.2023;"ООО ""ФОРЕСТ"""
Zekkert;SG2455;АМОРТИЗАТОР ПОДВЕСКИ ГАЗ. HONDA CR-V III 06- ЗАД.;2;2723.33;T2-00;08.04.2022;"ООО ""ФОРЕСТ"""
Триада;T310;АНТЕННА Т-310 USB ИНЖЕКТОР ДЛЯ ПОДАЧИ ПИТАНИЯ;1;421.85;Э2-07;02.10.2023;"ООО ""Паскер ЛТД"""
CoolStream;CS010501PN;АНТИФРИЗ COOL STREAM A110 1 КГ, CS010501PN, РОЗ;2;370.28;химия;27.09.2023;Москворечье
Starex;700659;Антифриз G12 5л RED;2;229;химия;18.01.2023;АвтоРВ
O.E.M.;OEM0174;БАМПЕР ПЕРЕДНИЙ MAZDA 3 1 BK СЕДАН, 20032006;1;2887.8;бампера;24.07.2023;Emex
Zekkert;BD1000;БАЧОК РАСШИРИТЕЛЬНЫЙ;1;685.58;Г2-15;24.05.2023;"ООО ""ФОРЕСТ"""
СЕВиЕМ;3,30204E+13;БЛОК ФАРА GАЗЭЛЬ NEКСТ АНАЛОГОВАЯ ЛЕВАЯ СТЕКЛО БО;1;3555;Т2-09;26.12.2022;Emex
Febest;0298003PCS2;БОЛТ 2 ШТ. В УПАКОВКЕ NISSAN QASHQAI J10E 2006.12-;1;162;Г2-05;19.05.2023;Москворечье
Zekkert;BE4024;БОЛТ КОЛЕСНЫЙ КОНУС 12MM1.50 ДЛИНА РЕЗЬБЫ 40 КЛЮЧ;2;82.87;БВ2-02кор1;11.09.2023;"ООО ""ФОРЕСТ"""
Hans Pries;109098755;БОЛТ КОНУСНЫЙ;2;84.89;БВ2-02кор1;11.09.2023;Москворечье
Peugeot / Citroen;1606466680;БОЛТ МЕТАЛЛИЧЕСКИЙ;1;171;БВ2-02кор1;21.08.2023;АвтоЕвро
Peugeot / Citroen;1606466680;БОЛТ МЕТАЛЛИЧЕСКИЙ;2;168.46;БВ2-02кор1;23.08.2023;Москворечье
Peugeot / Citroen;1606466680;БОЛТ МЕТАЛЛИЧЕСКИЙ;3;183.52;БВ2-02кор1;22.08.2023;Профит Лига
BSG;30920024;БРЫЗГОВИК ЗАДНИЙ ЛЕВЫЙ;1;244;А1-10;27.09.2023;"ООО ""Юрал"""
BSG;30920023;БРЫЗГОВИК ЗАДНИЙ ПРАВЫЙ;1;244;А1-10;27.09.2023;"ООО ""Юрал"""
NorPlast;NPLBR1211F;Брызговики;1;700.41;т2-07;03.04.2023;Аркона
UNIDEC;NPLBR6962B;Брызговики задние (2шт);1;589.2;Г2-04;20.06.2023;Основной поставщик
Lada;2,11201E+13;ВАЛ РАСПРЕДЕЛИТЕЛЬНЫЙ ВПУСКНОЙ;1;3049;А1-04;06.10.2023;ИП Мясников  С.М
Mitsubishi;1115A149;Вкладыш Комплект;2;1657.46;Г2-14;04.07.2023;АвтоЕвро
Lada;1,11808E+13;ВОЗДУХОВОД БОКОВОГО СОПЛА ВЕНТИЛЯЦИИ КУЗОВА ПРАВЫ;1;212.1;Г2-09;10.11.2022;Воронеж-Авто-Сити
Mapco;60125;ВОЗДУШНЫЙ ФИЛЬТР;1;684;Т1-04;23.03.2022;"ООО ""Юрал"""
Zekkert;GM1005;ВТУЛКА ЗАД. АМОРТИЗАТОРА HONDA ACCORD III-V 86- CIVIC III VIII 86- HR-;2;79.8;Кор.8 Втулки;22.05.2023;"ООО ""ФОРЕСТ"""
Hyundai/KIA;55344M2001;ВТУЛКА МЕТАЛЛИЧЕСКАЯ;1;100;С2-10;18.09.2023;АвтоЕвро
БРТ;REMKOMPLEKT10RA;ВТУЛКА РЕАКТИВНЫХ ТЯГ |2121| РЕЗИН.;2;400.22;И2-10 КОР4;26.06.2023;"ООО ""Паскер ЛТД"""
Nissan;54613JD02A;ВТУЛКА СТАБИЛИЗАТОРА;1;494;Кор.8 Втулки;26.06.2023;Автоспутник (новый)
Mapco;36613;Втулка стабилизатора передн. подвески;2;804.84;;07.11.2023;Основной поставщик
Lemforder;3747401;Втулка Стабилизатора Передняя Audi Q7 4L, Vw Tou;2;693.39;Г2-10;29.05.2023;Москворечье
Lada;2,10704E+13;ВЫКЛЮЧАТЕЛЬ ОТОПИТЕЛЯ 2107 72.3709-02  8305;1;126;Г2-10 КОР;19.06.2023;АвтоРВ
Facet;70015;Выключатель, Привод Сцепления Tempomat, Выключат;1;354;Г2-05;26.05.2023;Автоспутник (новый)
TRW;539014;ВЫПУСКНОЙ КЛАПАН;2;1133.7;ИГ-10;14.09.2023;ФА Логистик
Febi;14391;ГАЙКА МЕТАЛЛИЧЕСКАЯ;1;1940.91;окно прокл;07.11.2022;Профит Лига
Hyundai XTeer;1041135;ГСМ МАСЛО HYUNDAI/KIA XTEER GASOLINE G700 5W30 SN;1;1927.2;Химия;16.05.2023;Москворечье
Facet;73356;ДАТЧИК;1;1543;Г2-05;24.05.2023;Автоспутник (новый)
Brembo;A00206;Датчик износа торм. колодок (к-т 2шт);1;843.3;Г2-16;31.05.2023;Москворечье
Daewoo;94580175;ДАТЧИК ПОЛОЖЕНИЯ ДРОССЕЛЬНОЙ ЗАСЛОНКИ;1;557.4;Г2-06;15.03.2022;Автоспутник (новый)
Daewoo;96183235;Датчик Положения Коленвала;1;972;Г2-04;10.05.2023;АвтоЕвро
BM;AM1065;ДАТЧИК РАСХОДА ВОЗДУХА ЭЛЕМЕНТ AVEO. COBALT;1;463.48;Э1-10;15.02.2023;Москворечье
Facet;73101;ДАТЧИК ТЕМПЕРАТУРЫ;1;797;Г2-02;12.09.2023;Автоспутник (новый)
Rosteco;2,11204E+13;Датчик температуры воды;1;404.25;Э1=07;08.09.2023;Воронеж-Авто-Сити
Delphi;SS20008;ДАТЧИК. ЧАСТОТА ВРАЩЕНИЯ КОЛЕСА;1;2395;Г2-16;16.06.2023;Автоспутник (новый)
Porsche;4330440;ДЕТАЛЬ;1;3033;И3=01;22.08.2023;"ООО ""АврораАвтоспорт"""
Lada;2,17003E+13;ДИСК КОЛЕСНЫЙ 2170 2190;1;1297.63;В3-21;02.10.2023;"ООО ""Паскер ЛТД"""
NK;202565;ДИСК ТОРМОЗНОЙ;2;3399.92;A4-00;24.05.2023;Москворечье
LPR;K2001V;ДИСК ТОРМОЗНОЙ HYUNDAI I10 1.1 08-/KIA PICANTO 1.0;2;1779.51;A04-00;15.05.2023;Москворечье
VAG;JZW615301;Диск тормозной передний;1;2367.79;A2-000;14.04.2023;БОРАВТО К
GARDE;DGB02002;ДОМКРАТ ГИДРАВЛИЧЕСКИЙ 2Т  БУТЫЛОЧНЫЙ 150360;1;1525.19;Г2-04;15.05.2023;"ООО ""Паскер ЛТД"""
Pentosin;CHF11S;ЖИДКОСТИ ЦЕНТРАЛЬНАЯ ГИДРОСИСТЕМА + ГУР W 220 / 2;1;2306.4;Витрина;11.07.2023;"ООО ""Паскер ЛТД"""
Lada;8450091013;ЗАГЛУШКА БАМПЕРА ЛАДА ЛАРГУС FL 2021- БУКС КРЮК;1;212.3;Г2-04;24.04.2023;Воронеж-Авто-Сити
Lada;2,19103E+13;ЗАГЛУШКА ПЕРЕДНЕГО Б;1;188;Г2-06;20.03.2023;Воронеж-Авто-Сити
Hyundai / KIA;865232F200;ЗАГЛУШКА ПЛАСТИКОВАЯ;1;400;А1-07/КОР;17.03.2022;Якушов Александр Алексеевич_ИП
Mazda;GS1D51441;ЗАГЛУШКА ПЛАСТИКОВАЯ;2;830.28;Г2-10 КОР;03.07.2023;АвтоЕвро
Hyundai/KIA;9862214200;ЗАГЛУШКА РЕЗИНОВАЯ;1;127.26;Г2-10 КОР;15.05.2023;АвтоЕвро
PE;81061100A;ЗАСТЕЖКА КРЫШКИ АКБ DAF MB;2;97.04;Г2-04;13.04.2023;"ООО ""ТракМоторс"""
АвтоБРОНЯ;111010211;ЗАЩИТА КАРТЕРА КОМПЛЕКТ КРЕПЕЖА. СТАЛЬ. CHEVROLET NIVA 2009-. V-1.7 NI;1;1085;А1-000;11.10.2023;"ООО ""Юрал"""
FOLSEN;12104;ИЗОЛЕНТА 19ММ X20М ЧЕРНАЯ -18|105С  012;10;126.64;Витрина;10.07.2023;"ООО ""Паскер ЛТД"""
Seinsa Autofren;D8256;К-КТ ПЫЛЬНИКА ШРУСА ВНУТРЕННЕГО TOYOTA CARINA/CELI;1;312;шрусы;05.09.2023;ФА Логистик
VAG;2N0615437A;КOНТАКТНЫЙ ДАТЧИК;1;1094.07;Г2-08;26.05.2023;"ООО ""Ринг Сервис"""
Fenox;IC16029;Катушка зажигания;1;1350;Э4-05;07.09.2022;ИП Когтева Ольга Викторовна
BM;EC5011;Катушка зажигания;1;1205;Г2-04;26.05.2023;ФА Логистик
TRW;261141;КЛАПАН ВЫПУСКНОЙ MB OM651 6X24.6X109 A651 050 01;2;1097.8;ИГ-10;02.10.2023;"ООО ""Юрал"""
Dokuro;IMZ0304;КЛАПАН ДВИГАТЕЛЯ ВПУСКНОЙ;4;358.9;A5-15;16.10.2023;"ООО ""ДонАвто"""
Lavr;LN1103;КЛАССИЧЕСКАЯ ПРОМЫВКА СИСТЕМЫ ОХЛАЖДЕНИЯ;1;238.11;химия;23.08.2023;"ООО ""ТракМоторс"""
Дело Техники;802110;КЛЕЩИ ДЛЯ ПОРШНЕВЫХ КОЛЕЦ D50100 ММ 50/5;1;453;А5-12;17.11.2023;ИП Мясников  С.М
Mercedes-Benz;A0039918270;Клипса Креп;2;121.94;A5-15;12.10.2023;"ООО ""ФОРЕСТ"""
Airline;ACMPS78;КОВРЫ В САЛОН 3D С ПОДПЯТ. ДЛЯ А|М PAJERO II 5D;1;1849.72;А1-19;13.09.2023;Аркона
Sangsin Brake;SP1451;КОЛОДКИ ТОРМ.;1;1531.63;Б1-04;23.06.2023;Профит Лига
Kashiyama;D11412MH;КОЛОДКИ ТОРМ.ПЕР. С АНТИСКРИПНОЙ ПЛАСТИНОЙ;1;2052;Б2-04;25.09.2023;"ООО ""ДонАвто"""
Just Drive;JBP0219;КОЛОДКИ ТОРМОЗНЫЕ;1;535.1;Б3-04;28.08.2023;"ООО ""ДонАвто"""
CTR;GK1412;КОЛОДКИ ТОРМОЗНЫЕ HYUNDAI SONATA 19- ЗАДНИЕ;1;1490;Г2-10;29.05.2023;Москворечье
Sangsin Brake;SP1729;КОЛОДКИ ТОРМОЗНЫЕ MAZDA 3 13 ПЕРЕДНИЕ;1;1500.2;Б3-09;19.09.2023;ФА Логистик
Sangsin Brake;SP1671;КОЛОДКИ ТОРМОЗНЫЕ MAZDA CX-5 11- ПЕРЕДНИЕ;1;2009;Б2-04;06.09.2023;ФА Логистик
Bosch;986460113;КОЛОДКИ ТОРМОЗНЫЕ ДИСКОВЫЕ ПЕРЕДНИЕ;1;861;Б4-09;03.06.2020;ФА Логистик
Just Drive;JBP0023;КОЛОДКИ ТОРМОЗНЫЕ, ПЕРЕДНИЕ;1;744.41;Б3-04;16.08.2023;"ООО ""ДонАвто"""
Kolbenschmidt;8,00051E+11;КОЛЬЦА DM.76.50 0.50 1.2-1.2-2.0 1 ПОР.;4;1431.54;ИГ-05 vozv;16.10.2023;"ООО ""Юрал"""
Iveco;500086207;Кольца поршневые Daily 3.0HPI +0,40 (OE);1;14032.86;ИГ-07;18.08.2023;Автоспутник (новый)
Peugeot / Citroen;257812;КОЛЬЦО РЕЗИНОВОЕ;3;336.88;Г2-06;24.04.2023;АвтоЕвро
Zekkert;BR1403;КОМПЛЕКТ НАПРАВ. ТОРМОЗНОГО СУППОРТА ПЕРЕД./ЗАДН.;2;346.92;БВ1-09;15.08.2023;"ООО ""ФОРЕСТ"""
GSP;GK1355;КОМПЛЕКТ ПОДШИПНИКА СТУПИЦЫ КОЛЕСА;1;1093.45;Г2-04;14.04.2023;"ООО ""ФОРЕСТ"""
General Motors;92067904;КОМПЛЕКТ ПОРШНЕВЫХ КОЛЕЦ;1;6000;ИГ-10;29.12.2021;Чистяков Сергей
Goetze;843910000;Комплект поршневых колец;1;2928.42;ИГ-08;13.09.2023;Москворечье
Freccia;FR10217400;КОМПЛЕКТ ПОРШНЕВЫХ КОЛЕЦ НА 1 ЦИЛИНДР FORD;2;1258.34;ИГ-10;29.09.2023;"ООО ""ФОРЕСТ"""
Parts-Mall;PFCN007;КОМПЛЕКТ ПРОКЛАДОК ДВИГАТЕЛЯ;1;2423.5;окно прокл;16.01.2023;"ООО ""Юрал"""
JapanParts;KB175;КОМПЛЕКТ ПЫЛЬНИКА;1;638.69;Т2-02 кор 2;16.06.2022;Москворечье
JapanParts;KB175;КОМПЛЕКТ ПЫЛЬНИКА;2;551.2;Т2-02 кор 2;04.05.2023;Москворечье
GSP;780088;КОМПЛЕКТ ПЫЛЬНИКА ШРУСА;1;278.77;Г2-16;16.06.2023;Москворечье
Gates;KP25535XS;Комплект ремня  ГРМ +водяная помпа;1;4934.76;И3-05;27.04.2023;Москворечье
VAG;5N0317229;КОМПЛЕКТ УПЛОТНЕНИЙ;1;2900.95;Г2-10 КОР;06.07.2023;АвтоЕвро
Trialli;CC490;КРЕСТОВИНА КАРДАННОГО ВАЛА 27X52.6X81.75;2;811.75;Г2-10;19.05.2023;Москворечье
TangDe;TD0450030L;КРОНШТЕЙН КРЕПЛЕНИЯ ПОРОГА КАБИНЫ ЛЕВЫЙ MERCEDES A;1;4636;Г2-02;10.05.2023;"ООО ""ТракМоторс"""
General Motors;25203036;КРЫШКА ГОЛОВКИ ЦИЛИНДРА ORG;1;8517;Г2-04;12.05.2023;АвтоЕвро
Junsite;LQFKS135;КРЫШКА МОДУЛЯ УПРАВЛЕНИЯ ДВИГАТЕЛЕМ / FORD CMAX,F;1;700;А2-16;25.11.2021;ИП Ненахов А.А.
Stellox;7550956SX;КРЫШКА РАДИАТОРА TOYOTA MITSUBISHI;1;136.44;A5-15;23.10.2023;"ООО ""Юрал"""
LUMEN;MHDXP4300D1S;Лампа ксеноновая 4300к D1S;2;856;Г2-08;21.04.2023;"ООО ""РТК"""
Just Drive;JSL0025;Линк Стабилизатора Clmz12;2;393.66;C1-09;21.08.2023;"ООО ""ДонАвто"""
Lukoil;19443;ЛУКОЙЛ СУПЕР 5W40 5LМАСЛО МОТОРНОЕ ПОЛУСИНТ.| API SG|CD;1;1094.5;химия;09.10.2023;Аркона
Total;214027;МАСЛО ТРАНСМИССИОННОЕ FLUIDMATIC CVT MV. 1Л;1;725;химия;15.05.2023;Автоспутник (новый)
Asam-SA;30568;МАСЛЯНЫЙ ФИЛЬТР;1;168.26;Г3-11;20.03.2023;Москворечье
VAG;4A0853983;МОЛДИНГ AUDI100 9194 ЗАДНИЙ ВЕРХН. L КРЫЛО;1;562.86;Стенд 1;11.09.2017;Emex
Victor Reinz;13582001;Набор Прокладок Двигателя;1;10195.1;Г2-13;07.06.2023;ФА Логистик
Fenox;SP31116;НАКОНЕЧНИК ПОПЕРЕЧНОЙ РУЛЕВОЙ ТЯГИ;1;397.44;C1-03;13.06.2023;Аркона
Mapco;51826;НАКОНЕЧНИК РУЛЕВОЙ;1;523.19;C1-04;07.09.2023;"ООО ""ФОРЕСТ"""
SWAG;20130013;Наконечник рулевой;1;581.3;C1-04;01.11.2023;Основной поставщик
Freccia;G11367;НАПРАВЛЯЮЩАЯ ВТУЛКА КЛАПАНА;2;270.23;ИГ-10;25.08.2023;"ООО ""ФОРЕСТ"""
Fenox;HB1839;НАСОС ВОДЯНОЙ   FORD ESCORT/FIESTA/ORION 1.0-1.3 9;1;1282;H3-09;23.08.2022;Автоспутник (новый)
Onnuri;GSTD020;НРТ прав Chevrolet Lacetti;1;400;Г2-05;11.04.2022;ИП Когтева Ольга Викторовна
Lada;2,12305E+13;ОБИBKA ЦЕНТРАЛЬНОЙ СТОЙКИ ПРАВАЯ 2123;1;113.4;А1-02;29.08.2023;Воронеж-Авто-Сити
Just Drive;JRA0185;ОПОРА АМОРТИЗАТОРА;2;332.3;А1-11;28.09.2023;"ООО ""ДонАвто"""
JapanParts;RU4078;ОПОРА ДВИГАТЕЛЯ HONDA CR-V 01-06ELEMENT 03-05;1;755;Г2-05;14.04.2023;Автоспутник (новый)
Lemforder;4205601;ОПОРА ДВИГАТЕЛЯ VOLVO S60/S80/V60/V70/XC60/XC70 07;1;9275.97;А5-15;23.10.2023;Москворечье
Zekkert;GM3024;ОПОРА ПОДРАМНИКА ЗАД. AUDI 80 II-IV 78- 90 II-III 85- COUPE 80- VW PAS;2;176.95;Г2-09;02.05.2023;"ООО ""ФОРЕСТ"""
Sasic;2306015;ОПОРА СТАБИЛИЗАТОРА;2;108.7;Г2-06;26.05.2023;Москворечье
Jikiu;JB51011;ОПОРА ШАРОВАЯ;2;1786;C2-14;03.08.2023;"ООО ""ФОРЕСТ"""
BSG;30310027;ОПОРА ШАРОВАЯ FORD FOCUS 04;1;989;Г2-04;16.05.2023;Москворечье
Zekkert;TG5242;ОПОРА ШАРОВАЯ ПЕРЕД. НИЖ. ЛЕВ. ПРАВ. VW CORRADO 91- GOLF III 91- PASSA;2;415.67;C2-11;12.05.2023;"ООО ""ФОРЕСТ"""
Totachi;41902;ОХЛАЖДАЮЩАЯ ЖИДКОСТЬ  SUPER LLC RED 50C 2Л;1;356.7;Химия;20.03.2023;ИП Тунгусов Дмитрий Геннадьевич
General Motors;96566252;ПАТРУБОК;1;541.93;Г2-06;16.06.2023;АвтоЕвро
ZuvTeil;RPZ1106;ПАТРУБОК ВОЗДУШНОГО ФИЛЬТРА;1;755;Г2-09;12.06.2023;Автоспутник (новый)
Gates;21981;Патрубок отопителя;1;2619;Г2-02;11.04.2023;Автоспутник (новый)
Mapco;26026;ПОДШ. СТ. КОМПЛ. ALFA 145 146 FIAT BRAVA BRAVO DOBLO IDEA MAREA MULTIP;1;1305.87;Г2-05;10.05.2023;"ООО ""ФОРЕСТ"""
Hyundai/KIA;546120U000;ПОДШИПНИК;1;516;Г7-03;12.06.2023;АвтоЕвро
Iljin;IJ121009;ПОДШИПНИК;1;2200;H2-14;30.08.2023;ФА Логистик
SKF;VKD35041T;ПОДШИПНИК АМОРТИЗАТОРА;1;2555;Н1-10;02.10.2023;"ООО ""Юрал"""
NTN / SNR;6204C3;Подшипник вала генератора;1;250.6;Д1-03;18.10.2023;ФА Логистик
Ford;1837710;ПОДШИПНИК ВЫЖИМНОЙ B5/IB5 FOC1/FIESTA/FUSION БО;1;10000;Г2-08;07.07.2022;ИП Когтева Ольга Викторовна
Nsk;ZAHO62BWKH27Y01;Подшипник пер. ступ. [ступица];1;3672.41;H2-13;12.09.2018;ФА Логистик
GSP;514799;ПОДШИПНИК ПОДВЕСНОЙ КАРДАННОГО ВАЛА LAND ROVER DIS;1;1474.61;A5-15;09.11.2023;"ООО ""ФОРЕСТ"""
Jp Group;1442300100;Подшипник Шариковый;1;879;Г2-07;07.06.2023;Автоспутник (новый)
General Motors;25183061;ПОЛИКЛИНОВОЙ РЕМЕНЬ;1;370;Размер;03.04.2023;Автоспутник (новый)
Точка Опоры;9011441;ПОЛИУРЕТАНОВАЯ ВТУЛКА СТАБИЛИЗАТОРА;2;250;Г2-10 КОР;07.07.2023;ФА Логистик
Metelli;240442;ПОМПА;1;1508.3;Г2-08;13.06.2023;ФА Логистик
Lada;2,12131E+13;ПОРШЕНЬ 21213-31 82.4 УВЕЛИЧ НА 0.4 ОАО АВТОВАЗ 1ШТ;1;478;Г2-07;12.05.2023;АвтоРВ
KAC;KF544550;ПОРШЕНЬ ПЕРЕДНЕГО СУППОРТА STANDARD ДЛЯ А/М FORD F;1;230;ИГ-14;25.09.2023;"ООО ""ФОРЕСТ"""
MASTERKIT;77A1694;ПОРШЕНЬ ТОРМОЗНОГО СУППОРТА HYUNDAI SANTA FE , KIA SORENTO 11-09-;1;336;Г2-08;07.06.2023;"ООО ""Юрал"""
Lada;2,11241E+13;ПОРШНИ ВАЗ-21124 82.8 1.6|16 КЛАП. АВТОВАЗ;4;173;Г2-03;16.06.2023;АвтоРВ
Technische Trumpf;AR0275;ПРЕОБРАЗ. РЖАВЧИНЫ ТТ 210 МЛ AR02 75 АЭР.;1;189;Витрина;26.06.2023;"ООО ""РТК"""
Elring;982340;Пробка поддона (К-кт с прокладкой) /M14 x 1,50 x 12mm./;1;194.1;БВ2-01кор3;04.09.2023;ФА Логистик
Slon;40623707300;ПРОВОДА В В В КТ С ПРОВОДАМИ 4062.3707300, 4062;2;303;Э2-09;22.09.2023;ИП Мясников  С.М
Slon;40913707244;ПРОВОДА В/В СИЛИКОН. Г31029,3110,3302,УАЗ ДВ. 40;1;1294;Г2-08;31.05.2023;"ООО ""Юрал"""
Glaser;H0267400;Прокл ГБЦ1.6D/TD Audi80/Golf/Jetta/Pas.85->(1.53mm;1;801.8;окно прокл;10.10.2022;ФА Логистик
Victor Reinz;713609100;Прокл кол выпуск;1;666;Прокл. Кор.1;20.10.2023;Автоспутник (новый)
Reinz;713540200;Прокладка;1;534.1;окно прокл;08.02.2023;Автоспутник (новый)
P.M.C.;PGAN017;ПРОКЛАДКА [2231132020];1;282.2;Г2-08;26.05.2023;ФА Логистик
Parts-Mall;P1LC014;Прокладка Впускного Коллектораjaket;1;79;Г2-10 КОР;19.06.2023;"ООО ""ФОРЕСТ"""
P.M.C.;P1MA012;ПРОКЛАДКА ВЫПУСКНОГО КОЛЛЕКТОРА;1;200;Г2-05;28.04.2023;Автоспутник (новый)
Just Drive;JPA0016;ПРОКЛАДКА ВЫПУСКНОГО КОЛЛЕКТОРА;2;298.59;окно прокл;04.09.2023;"ООО ""ДонАвто"""
P.M.C.;PGAM071;ПРОКЛАДКА ГБЦ;1;980;окно прокл;17.11.2022;Автоспутник (новый)
Parts-Mall;PGCN054;ПРОКЛАДКА ГБЦ CHEVROLET AVEO | MATIZ | SPARK 1.0 | 1.2 SOHC;1;332.2;окно прокл;20.04.2022;ФА Логистик
Victor Reinz;612924530;ПРОКЛАДКА ГБЦ MERCEDES OM 602;1;2156.55;окно прокл;08.09.2022;Профит Лига
Victor Reinz;613605000;ПРОКЛАДКА ГБЦ VAG FABIA/POLO 02- 1.2;1;1732;прокл.окно;08.08.2023;ФА Логистик
Trialli;GZ1012017;ПРОКЛАДКА ГБЦ ДЛЯ А М ГАЗ 24 GZ 101 2017;1;308.55;Г2-07;29.05.2023;Аркона
Victor Reinz;613382020;ПРОКЛАДКА ГБЦ МЕТАЛЛИЧЕСКАЯ МНОГОСЛОЙНАЯ;1;3784.9;Г2-13;29.05.2023;ФА Логистик
P.M.C.;PGBN052;ПРОКЛАДКА ГБЦ ШТ.;1;614.87;окно прокл;08.04.2022;Москворечье
Daewoo;96184840;ПРОКЛАДКА ГЛУШИТЕЛЯ АСБЕСТОВАЯ;1;96;Г2-10 КОР;12.05.2023;АвтоЕвро
P.M.C.;P1GC011;ПРОКЛАДКА КЛАПАННОЙ КРЫШКИ ЕВРО III, 1,5 SOHC PM;1;62;Г2-06;28.04.2023;Автоспутник (новый)
P.M.C.;P1LA028;ПРОКЛАДКА КОЛЛЕКТОРА ВПУСКНОГО;2;58.5;Прокл. Кор.1;10.10.2023;Москворечье
Rosteco;21177;Прокладка маслоотделителя силикон;1;294.82;Г2-10 КОР;15.05.2023;АвтоЕвро
Elring;355340;ПРОКЛАДКА МЕТАЛЛИЧЕСКАЯ;1;613.8;Г2-07;15.06.2023;АвтоЕвро
Transmaster;U189;ПРОКЛАДКА МЕТАЛЛИЧЕСКАЯ. 85016;1;132.3;Г2-10 КОР;22.06.2023;Москворечье
Nissan;14035EL00A;Прокладка Резиновая;1;1077.5;Г2-10 КОР;01.08.2023;"ООО ""ФОРЕСТ"""
Corteco;450365H;ПРОКЛАДКА, ВПУСКНОЙ КОЛЛЕКТОР;1;230.67;A1-08;28.09.2023;"ООО ""Юрал"""
Corteco;415475P;ПРОКЛАДКА. ГОЛОВКА ЦИЛИНДРА;1;1964.9;окно прокл;11.01.2023;Автоспутник (новый)
Stone;JK08105;ПРОКЛАДКИ ПРОЧИЕ;2;385.44;Г2-10 КОР;31.05.2023;"ООО ""ФОРЕСТ"""
VAG;1J0412311;Проставка;1;2000;Г2-10 КОР;14.10.2022;ИП Когтева Ольга Викторовна
VAG;2E0821240A;профиль опорный для л/а;1;3321.77;Г2-06;26.04.2023;Автоспутник (новый)
Klakson;64823;ПРУЖИНА ЗАДНЯЯ;2;1432.08;Н2-19;17.08.2023;"ООО ""ФОРЕСТ"""
Klakson;54855;ПРУЖИНА ЗАДНЯЯ;2;1101.6;T1-00;21.06.2023;"ООО ""ФОРЕСТ"""
Klakson;14990;ПРУЖИНА ПЕРЕДНЯЯ;2;1872.72;Н1-14;01.09.2023;"ООО ""ФОРЕСТ"""
Klakson;14955;ПРУЖИНА ПЕРЕДНЯЯ;2;1101.6;T1-00;30.06.2023;"ООО ""ФОРЕСТ"""
Just Drive;JJS1179;ПРУЖИНА ПЕРЕДНЯЯ;2;1711.34;амортизаторы;22.09.2023;"ООО ""ДонАвто"""
Zekkert;SF1147;ПРУЖИНА ПОДВЕСКИ ЗАД VW POLO SEDAN 10 SKODA RAPID;1;1279.52;Т1-00;18.05.2022;"ООО ""ФОРЕСТ"""
Lesjofors;4059261;ПРУЖИНА ПОДВЕСКИ ПЕРЕДНЯЯ MITSUBISHI;2;4869.22;Н3-18;20.09.2023;"ООО ""ФОРЕСТ"""
Masuma;MO2104;ПЫЛЬНИК;6;82.4;Г2-05;17.04.2023;Профит Лига
Nissan;392524BA0A;ПЫЛЬНИК ВАЛА;2;2200;Г2-06;01.03.2023;"ООО ""СОКРАТ"""
Zekkert;SM1249S;ПЫЛЬНИК ШРУС НАРУЖНЫЙ ПРАВЫЙ СО СМАЗКОЙ;1;652.81;;24.05.2023;"ООО ""ФОРЕСТ"""
БРТ;2,12132E+11;ПЫЛЬНИК ШРУСА ВНЕШНИЙ 21213-21214 НОВОГО ОБР БРТ;1;178;;25.09.2023;АвтоРВ
P.M.C.;PXCWB815;ПЫЛЬНИК ШРУСА НАРУЖНЕГО ЛЕВОГО М/Т;2;557.62;шрусы;13.09.2023;Профит Лига
P.M.C.;PXCWA302;ПЫЛЬНИК ШРУСА НАРУЖНИЙ;1;356.72;Г2-06;26.06.2023;Профит Лига
Luzar;LRAC0581;Радиатор кондиц. с ресивером для а/м Chevrolet Aveo T255 (08-) (LRAC 0;1;5238;Т2-12;12.06.2023;Аркона
Автоэлектроника;57370206;РЕГУЛЯТОР НАПРЯЖ ВАЗ-2110 АВТОЭЛЕКТРОНИКА В СБ. ЩУ КВАДРАТНОЕ РЕЛЕ;1;458;Г2-06;22.06.2023;Основной поставщик
REKZIT;91570;РЕЗИНКИ ДЛЯ ЩЕТОК 28/70 СМ 1 ШТ SINGLE REKZIT;1;104.4;магазин;22.06.2022;Emex
Фобос;45268;РЕЗОНАТОР 2104 ИЖАВТО ПОД КАТАЛИЗАТОР ЕВРО2;1;932;Шрусы пол;03.06.2022;"ООО ""Паскер ЛТД"""
Lecar;18382602;РЕМ К-Т СТУП ЗАД ВАЗ-2180 VESTA. XRAY;4;1227;Н3-09;23.10.2023;ИП Мясников  С.М
БРТ;5РК1110;РЕМЕНЬ ГЕНЕРАТОРА 2122 LADA LARGUS РУ С ГУРОМ БЕЗ КОНДИЦИОНЕРА ДВ. 1.4;1;154;размер;23.10.2023;АвтоРВ
Contitech;CT1143;РЕМЕНЬ ЗУБЧАТЫЙ;1;1101.71;Г2-Ремни;21.04.2023;АвтоЕвро
Lemforder;1827601;Ремень клиновой Lemf;1;185;Г2-09;17.01.2017;Болотов ИП Самушев
Bosch;1987946010;Ремень поликлиновой;1;184;размер;27.04.2022;ИП Когтева Ольга Викторовна
Patron;4PK713;Ремень поликлиновой;1;311;размер;30.08.2023;ФА Логистик
Dayco;KTB221;РЕМЕНЬ ПРИВОДНОЙ ЗУБЧАТЫЙ;1;3395;Г2-Ремни;14.06.2023;ФА Логистик
Gates;6PK2500;РЕМЕНЬ ПРИВОДНОЙ ПОЛИКЛИНОВОЙ;1;2193;размер;29.06.2023;АвтоЕвро
Seinsa Autofren;D4592;РЕМКОМПЛЕКТ СУППОРТА ПЕРЕДНИЙ MAZDA 3 | 6 | FORD FOCUS | C-MAX | OPEL;1;222;БВ1-09;16.10.2023;АвтоЕвро
Trialli;CM6198;РОЛИК ГРМ ДЛЯ А|М FORD C-MAX 07- 1.6D ОПОР. C;1;617.76;H2-14;25.09.2023;Аркона
SUFIX;SD1087;Рулевая тяга;2;579;;19.10.2023;Основной поставщик
Lemforder;3690201;Рычаг;2;1648.65;Г2-13;23.05.2023;Москворечье
Metaco;4320006L;Рычаг передный нижний;1;2656;Г2-02;14.06.2023;ФА Логистик
Fenox;CA11197;РЫЧАГ ПОДВЕСКИ;1;4718;Г2-02;16.06.2023;ФА Логистик
Lemforder;3770401;Сайл. блок  рычага зад. подв.;2;2363.8;C3-07;04.10.2023;ФА Логистик
SWAG;30926381;Сайл.блок подвески;1;679.4;Г2-03;31.05.2023;ФА Логистик
Hyundai/KIA;0K2C034460;САЙЛЕНТБЛОК;1;1168.81;Г2-04;19.06.2023;АвтоЕвро
CTR;CVKH76;САЙЛЕНТБЛОК;1;402;Г2-10 КОР;03.05.2023;АвтоЕвро
Jikiu;BH33004;САЙЛЕНТБЛОК AUDI Q7 4LB0ML | 4LB0EL;2;892;Г2-02;01.06.2023;ФА Логистик
Masuma;RU551;САЙЛЕНТБЛОК MASUMA MAZDA6 REAR LOW1;2;608;C3-04 КОР3;05.09.2023;ФА Логистик
Masuma;RU553;САЙЛЕНТБЛОК MASUMA MAZDA6 REAR LOW1;2;746;C3-04 КОР3;05.09.2023;ФА Логистик
Jikiu;BH22151;САЙЛЕНТБЛОК ЗАДН ПОДВЕСКИ MAZDA 6 GH 07-13;2;1198;C3-04 КОР3;05.09.2023;ФА Логистик
Febest;KABA2RR;САЙЛЕНТБЛОК ЗАДНЕГО ПРОДОЛЬНОГО РЫЧАГА ПРАВЫЙ;1;1748.7;C3-11;16.08.2023;Москворечье
Just Drive;JRR0296;САЙЛЕНТБЛОК ЗАДНЕЙ ПРОДОЛЬНОЙ ТЯГИ. ПЕРЕДНИЙ;2;432;C3-14 КОР1;21.06.2023;"ООО ""ДонАвто"""
Masuma;RU737;Сайлентблок пер.;2;990;C2-14 КОР3;29.06.2023;ФА Логистик
GSP;511919;САЙЛЕНТБЛОК ПЕРЕД.РЫЧАГА ПЕРЕДНИЙ СИТРОЕН C4 | ПЕ;2;299.28;C3-05 КОР3;19.06.2023;Москворечье
Fixar;FG0532;САЙЛЕНТБЛОК ПЕРЕДНИЙ ПЕРЕДНЕГО РЫЧАГА;1;1100;Кор.1 Втулки;24.05.2023;ФА Логистик
Jikiu;BH22029;САЙЛЕНТБЛОК РЫЧАГА NISSAN TERRANO 86-06 ПЕР.ПОДВ.;1;268;Г5-03 КОР2;21.10.2021;ФА Логистик
Daewoo;90182168;Сальник;1;159;Г2-10 КОР;10.05.2023;АвтоЕвро
Corteco;01030118B;САЛЬНИК;1;194;Г2-05;16.06.2023;"ООО ""Юрал"""
Elring;188680;САЛЬНИК MB UNIMOG 75- 1.9-3.0 КВ ЗАДНИЙ;1;308;Г2-10 КОР;23.05.2023;АвтоЕвро
Elring;188680;САЛЬНИК MB UNIMOG 75- 1.9-3.0 КВ ЗАДНИЙ;1;308;Г2-10 КОР;24.05.2023;АвтоЕвро
Victor Reinz;813571900;САЛЬНИК К | ВАЛА FIAT UNO | PUNTO | TIPO | SEICENTO 1.0-1.2 84- 23X35X;1;210.1;Прокл. кор. 10;28.02.2022;Москворечье
Masuma;RU466;СБ ВНЕШЗАДПРОДОЛРЫЧАГА MITSUBISHI LANCER 0009 OUTLANDER 0206;2;608;C2-14 КОР3;08.06.2023;ФА Логистик
Denso;DG174;СВЕЧА ЗАЖИГАНИЯ;1;838.3;Г2-08;23.03.2023;Профит Лига
Hyundai/KIA;1885510061;СВЕЧА ЗАЖИГАНИЯ;4;687.1;Г2-08;02.06.2023;БОРАВТО К
Kraft;KT126004;СВЕЧИ OBERKRAFT 16КЛ. ДВИГАТЕЛЬ КТ 4 ШТ.;2;151;БВ2-свечи;16.05.2023;ИП Мясников  С.М
StarLine;A63;СИГНАЛИЗАЦИЯ;1;3939.41;A5-12;30.10.2023;"ООО ""Паскер ЛТД"""
Patron;P371611;Скоба металлическая;10;9;Г2-10 КОР;30.05.2023;ФА Логистик
S&K;SK408002201;СТЕКЛО ЗЕРКАЛА ОСНОВНОГО ПРАВОЕ/ЛЕВОЕ БЕЗ ПОДОГРЕВ;1;239.1;Г2-05;28.11.2022;ФА Логистик
Just Drive;JAS0115;СТОЙКА |GAS|;1;2481.73;амортизатор;19.09.2023;"ООО ""ДонАвто"""
Just Drive;JAS0389;СТОЙКА ГАЗОМАСЛЯНАЯ ПЕРЕДНЯЯ |331701|;1;2872.01;Амортизаторы;22.05.2023;"ООО ""ДонАвто"""
Tokico;B3401;СТОЙКА ПЕРЕДНЯЯ LEXUS RX270|350|450H 08 LH;1;6104.74;Аморт;02.10.2023;"ООО ""ДонАвто"""
Meyle;30160600053HD;Стойка Стабилизатора;2;1743;амортизаторы;13.09.2023;ФА Логистик
ГАЗ;27056305351;СТОПОР ДВЕРИ ЗАДКА ЛЕВЫЙ;1;117.18;A5-15;03.05.2023;"ООО ""Паскер ЛТД"""
ГАЗ;27056305351;СТОПОР ДВЕРИ ЗАДКА ЛЕВЫЙ;1;133.59;A5-15;26.10.2023;"ООО ""Паскер ЛТД"""
GMB;GH31440;СТУПИЦА КОЛЕСА .КОМПЛЕКТ VOLVO V90|...;1;6341.4;A2-18;02.10.2023;"ООО ""ДонАвто"""
Just Drive;JEH0243;СТУПИЦА. ЗАДНЯЯ С ABS;1;2687.05;A5-12;05.10.2023;"ООО ""ДонАвто"""
Fenox;CTC5420;СУППОРТ RIO II DE D54. ПЕРЕДНИЙ ПРАВЫЙ;1;3721;Г2-04;29.05.2023;Автоспутник (новый)
Fenox;CTC3509;СУППОРТ ЗАДНИЙ ЛЕВЫЙ D35;1;3587;Г2-06;03.05.2023;Автоспутник (новый)
Gparts;3400700645;СЦЕПЛЕНИЕ ГАЗЕЛЬБИЗНЕС NEXT EURO4 ДВ CUMMINS 280;1;7194.62;A5-00;27.04.2023;"ООО ""Паскер ЛТД"""
Miles;GE09097;СЦЕПЛЕНИЕ К-Т FORD SCORPIO I/SIERRA I-II/TRANSIT I;1;5850;A05-00;23.06.2023;Москворечье
Mahle / Knecht;KL131;ТОПЛИВНЫЙ ФИЛЬТР;1;783.8;Г3-04;21.04.2023;Профит Лига
Remsa;606700;ТОРМ.ДИСК ПЕР.238X12 4 ОТВ.;2;1000;Б3-00;13.04.2022;ИП Когтева Ольга Викторовна
Nipparts;J3300524;ТОРМ.ДИСК ПЕР.ВЕНТ.255X19 4 ОТВ.;2;1363.45;A05-00;05.05.2023;Москворечье
VAG;7L0614772A;ТОРМОЗНАЯ ТРУБКА|ШЛАНГ ОТ ТОР;1;1332.54;Г2-10 КОР;22.05.2023;АвтоЕвро
NK;854314;ТОРМОЗНОЙ ШЛАНГ;1;1112;A5-15;22.09.2023;Автоспутник (новый)
Ravenol;4,01484E+12;ТРАНСМИССИОННОЕ МАСЛО  ATF TIV FLUID  1Л NEW;1;862.17;Г2-09;26.05.2023;Москворечье
Ravenol;4,01484E+12;Трансмиссионное масло RAVENOL ATF Matic Fluid Type D ( 4л) new;1;3747.2;Химия;05.05.2023;Москворечье
LPR;C1066B;ТРОС РУЧНОГО ТОРМОЗА NISSAN PRIMERA P11 96-02 ПЕРЕ;1;706.56;Г2-09;02.05.2023;Москворечье
Lada;2,12301E+13;ТРУБКА ТОПЛИВНОГО ТРУБОПРОВОДА;1;466.42;трубки;27.10.2023;"ООО ""Паскер ЛТД"""
Meyle;0160600017HD;Тяга / Стойка, Стабилизатор;1;2077.15;C1-09;30.05.2023;АвтоЕвро
Meyle;0160600018HD;Тяга / Стойка, Стабилизатор;1;2531.1;C1-09;30.05.2023;АвтоЕвро
4U;AUE15289;ТЯГА РУЛЕВ AUDI A4/A6 97;2;692;C2-15;17.04.2023;АвтоЕвро
SUFIX;SD1052;ТЯГА РУЛЕВАЯ MITSUBISHI|CITROEN|PEUGEOT ASX|OUTLANDER|AIRTEK III|AIRCR;2;428;Г2-09;28.02.2023;Профит Лига
Lada;2,12306E+13;УПЛОТНИТЕЛЬ СТЕКЛА ПЕРЕД.ДВЕРИ НАРУЖ.ПРАВЫЙ 2123 А;1;243.75;А1-02;29.08.2023;Воронеж-Авто-Сити
Corteco;19036653B;УПЛОТНЯЮЩЕЕ КОЛЬЦО, КОЛЕНЧАТЫЙ ВАЛ;1;875;Г2-05;19.06.2023;ФА Логистик
Fenox;A908179;УПОР ГАЗОВЫЙ OPEL VECTRA B 95-02 L475. I285. 560;2;327.9;Г2-09;19.05.2023;Москворечье
Depo;2141152RLDEM;ФАРА ПЕР.ПРАВ.ПОД КОРРЕКТ. H4;1;5112;Т2-10;05.01.2023;Emex
Depo;7731403LUQY;ФАРА ПОВОРОТНИКА;1;569;И2-03/Кор.;30.03.2023;"ООО ""Юрал"""
Lada;2,12304E+13;ФАРА ПРОТИВОТУМАННАЯ 2123 ПРАВАЯ ПРИОРА H11 12V 5;1;1210.03;T2-09;27.02.2023;Воронеж-Авто-Сити
Big Filter;GB9926PRO;ФИЛЬТР;2;817.19;Т1-09;15.05.2023;Аркона
JS Asakashi;JT312K;ФИЛЬТР АКПП С ПРОКЛАДКОЙ ПОДДОНА MAZDA 626 | XEDOS;1;1128.57;Г1-07;07.06.2023;Аркона
Kitto;A4501;Фильтр возд Ford Fiesta 01->08/Fusion 02->/Mazda 2 03->07 (1.2-1.6);1;200;T4-07;09.06.2022;ИП Когтева Ольга Викторовна
Zekkert;LF1120;ФИЛЬТР ВОЗД. OPEL ASTRA G 00, ZAFIRA A 99;1;303.35;Т1-04/2;27.03.2023;"ООО ""ФОРЕСТ"""
DIFA;431801;ФИЛЬТР ВОЗД. ДИФА 4318-01 МТЗ-100 ДВ.ММЗ Д-260 ЭЛЕМЕНТ ПОЛЕУРЕТАН;1;503;Т3-01;16.10.2023;ИП Мясников  С.М
AMD;AMDFA753;Фильтр возд.Astra G 99->/Astra H 04->/Zafira 99->;1;267.68;T3-02;05.10.2023;Москворечье
Mahle / Knecht;LX316;ФИЛЬТР ВОЗДУШНЫЙ;1;468.96;С6-06;26.05.2023;Москворечье
Goodwill;AG248CFC;ФИЛЬТР ВОЗДУШНЫЙ;1;455;С6-06;12.06.2023;Автоспутник (новый)
Parts Mall;PAA052;Фильтр Воздушный;1;371.78;С6-06;31.05.2023;"ООО ""Юрал"""
Alpha Filter;AF113;Фильтр воздушный;1;200;С6-07;15.04.2022;ИП Когтева Ольга Викторовна
Mann;C21020;Фильтр Воздушный;2;2406;Т1-04;08.09.2022;Emex
P.M.C.;PAB059;ФИЛЬТР ВОЗДУШНЫЙ;1;510;Т1-06;23.05.2022;Москворечье
Azumi;A21036;ФИЛЬТР ВОЗДУШНЫЙ;1;767;Т1-04/1;04.10.2022;"ООО ""Юрал"""
Miles;AFAU111;ФИЛЬТР ВОЗДУШНЫЙ NISSAN QASHQAI | X-TRAIL 2.0 07-;1;295;С6-06;22.05.2023;Москворечье
Mando;MMF015211;ФИЛЬТР ВОЗДУШНЫЙ PEUGEOT;1;349.73;Т1-04/1;22.08.2022;Профит Лига
GREEN FILTER;LF0319;ФИЛЬТР ВОЗДУШНЫЙ TOYOTA CAMRY | RAV4 | CARINA -00;1;271;Т1-08;27.03.2023;АвтоЕвро
Mando;EAF00069M;ФИЛЬТР ВОЗДУШНЫЙ TOYOTA COROLLA 1,6/1,8;1;208.2;Т1-04/1;18.06.2019;"ООО ""ТД ""Столица"""
UFI;3027400;ФИЛЬТР ВОЗДУШНЫЙ VOLVO XC70 | XC90 02- 2.5T | 3.2;1;1000;Т1-06;15.04.2022;ИП Когтева Ольга Викторовна
Parts-Mall;PAT004;ФИЛЬТР ВОЗДУШНЫЙ VW T4 1.8-2.5 90-03;1;353.25;С6-06;17.07.2019;Москворечье
Nissan;16546JF00A;Фильтр воздушный двигателя GT-R;2;1500;Т3-08;22.08.2023;ВоронежТрансБизнес
Fleetguard;LF17502;ФИЛЬТР МАСЛЯННЫЙ VOLVO BY-PASS LF3654 РЕЗЬБОВОЙ;5;1302;Г3-17;26.09.2022;"ООО ""РТК"""
Mahle / Knecht;OC47OF;ФИЛЬТР МАСЛЯНЫЙ;5;253.8;Г1-01;15.05.2023;Москворечье
Mahle / Knecht;OX3392D;ФИЛЬТР МАСЛЯНЫЙ;1;282;Г2-01;17.10.2023;ИП Мясников  С.М
Toyota;1560144011;Фильтр масляный;1;606;Г3-03;28.01.2016;"ООО ""СКИФ"""
Mann;W671;ФИЛЬТР МАСЛЯНЫЙ;1;919;Г3-03;23.08.2022;Автоспутник (новый)
Kitto;C224;Фильтр масляный;1;279;Г3-09;21.03.2022;Emex
Hengst;H10W11;Фильтр масляный;1;410;Г3-03;17.01.2017;Болотов ИП Самушев
Mann;W81180;ФИЛЬТР МАСЛЯНЫЙ;1;350.23;Г3-06;03.05.2023;Аркона
Mann;ZR904X;Фильтр Масляный;3;1815;Г7=04;11.05.2023;"ООО ""ОПТИМУМ"""
JapanParts;FO599S;Фильтр масляный;1;231.85;Г3-05;10.10.2022;"ООО ""Юрал"""
Ford;1213439;ФИЛЬТР МАСЛЯНЫЙ;1;755;Г3-09;22.07.2022;Автолюкс-Шкода
Sakura;EO31090;Фильтр масляный;2;611.84;Г3-03;05.09.2022;Профит Лига
AIKO;C115;ФИЛЬТР МАСЛЯНЫЙ;1;393.9;Г3-08;24.04.2023;Автоспутник (новый)
SCT Germany;SM5091;Фильтр масляный;3;411.25;Г1-08;22.05.2023;Москворечье
Zekkert;OF4201E;ФИЛЬТР МАСЛЯНЫЙ;1;275.47;Г3-05;12.04.2023;"ООО ""ФОРЕСТ"""
Blue Print;ADG02157;ФИЛЬТР МАСЛЯНЫЙ;2;663.4;Г2-04;22.05.2023;ФА Логистик
Great wall;1017100EG01;ФИЛЬТР МАСЛЯНЫЙ 1,5 FLORID, COOLBEAR;1;175.3;Г2-05;17.04.2023;АвтоЕвро
Mahle / Knecht;OX150D;Фильтр масляный Ford;1;811.91;Г3-11;23.06.2022;Москворечье
Mahle / Knecht;OX150D;Фильтр масляный Ford;14;811.91;Г3-11;24.06.2022;Москворечье
Mann;W7008;ФИЛЬТР МАСЛЯНЫЙ FORD | MAZDA | VOLVO;1;549;Г3-03;12.10.2022;Гринлайт
Mahle / Knecht;OC1051A;ФИЛЬТР МАСЛЯНЫЙ FORD | MAZDA | VOLVO;1;343.53;Г3-17;19.05.2023;Аркона
Mando;EEON0001Y;ФИЛЬТР МАСЛЯНЫЙ NISSAN ALMERA/PRIMERA/XTRAIL 2.2;1;159.5;Г3-11;30.08.2022;Москворечье
Japan Parts;FO010S;Фильтр масляный SUZUKI GRAND VITARA 3.2 09-/JEEP/DODGE 1.8/2.0/2.4 06-;1;270.98;Г3-11;30.08.2022;Москворечье
Parts-Mall;PBM001;Фильтр Масляный Suzuki Vitara;1;228.83;Г3-03;07.03.2022;Москворечье
Goodwill;OG133ECO;ФИЛЬТР МАСЛЯНЫЙ ДВИГАТЕЛЯ;1;345;Г1-07;18.05.2023;Аркона
Blue Print;ADG02124;ФИЛЬТР МАСЛЯНЫЙ КАРТРИДЖ;1;261.9;Г1-10;26.05.2023;ФА Логистик
Big Filter;GB141;ФИЛЬТР МАСЛЯНЫЙ КОРПУСНОЙ LADA VESTA  XRAY H4M  RE;2;280.5;Г3-01;17.05.2023;Аркона
Nevsky Filter;NF1008;ФИЛЬТР МАСЛЯНЫЙ НЕВСКИЙ ФИЛЬТР  VW POLO. JETTA. TI;1;180.69;Г3-11;23.11.2022;Аркона
Sakura;CA1806;Фильтр салон Nissan Micra 03->/Renault Clio 98->;1;426;С6-06;07.06.2023;"ООО ""Юрал"""
Mann;CU2525;Фильтр салон Renault;1;583.5;С6-07;15.05.2023;Москворечье
Bosch;1987435578;ФИЛЬТР САЛОНА BMW G11/G12/G30 УГОЛЬНЫЙ УПАК.2ШТ.;1;4123.43;Г2-13;23.05.2023;Москворечье
Big Filter;GB9967C;ФИЛЬТР САЛОНА HYUNDAI | KIA TUCSON | IX35 | SPORTAGE 10- УГОЛЬНЫЙ;1;380.55;Т1-09;22.02.2023;Аркона
Parts-Mall;PMA021;ФИЛЬТР САЛОНА HYUNDAI SANTA FE 03- УПАК.2ШТ.;1;291;T1-06;15.06.2021;Москворечье
NONAME;SA1103;ФИЛЬТР САЛОНА SCT SA 1103 MERCEDES;1;208;Т1-07;03.03.2022;АвтоРВ
FARET;VF006N;ФИЛЬТР САЛОНА ГАЗЕЛЬ-БИЗНЕС ФИЛЬТР-СЕРВИС VF-006N;2;263.93;Т1-06;06.09.2022;"ООО ""Паскер ЛТД"""
Zekkert;IF3009;Фильтр Салонный;1;338.06;Т1-09;03.11.2022;"ООО ""ФОРЕСТ"""
AMD;FC59;ФИЛЬТР САЛОННЫЙ;1;291.84;Т1-04/2;03.05.2022;Москворечье
AMD;FC856;ФИЛЬТР САЛОННЫЙ 33028122010 .;4;116.1;Т2-04;18.09.2023;Москворечье
AMD;FC856;ФИЛЬТР САЛОННЫЙ 33028122010 .;3;117.31;Т2-04;18.09.2023;Профит Лига
AMD;AMDFF112;Фильтр Топливный;1;370.26;Г1-08;19.05.2023;Москворечье
Mann;WK85314;ФИЛЬТР ТОПЛИВНЫЙ;1;596;Г3-08;26.01.2022;ИП Федотов Александр Евгеньевич
Zekkert;KF5010E;ФИЛЬТР ТОПЛИВНЫЙ;4;278.55;Г3-10;09.01.2023;"ООО ""ФОРЕСТ"""
Zekkert;KF5010E;ФИЛЬТР ТОПЛИВНЫЙ;1;278.55;Г3-10;09.01.2023;"ООО ""ФОРЕСТ"""
AIKO;JN6300;Фильтр Топливный;1;506.9;Г3-10;02.03.2022;Автоспутник (новый)
Delphi;HDF656;Фильтр топливный;1;1372;Г3-01;01.07.2022;Автоспутник (новый)
JS Asakashi;FS9219;ФИЛЬТР ТОПЛИВНЫЙ;1;1653.3;Г3-04;14.04.2023;Аркона
Sakura;SFC7908;ФИЛЬТР ТОПЛИВНЫЙ;1;617.52;Г3-01;15.05.2023;Аркона
Alco Filters;SP2103;Фильтр топливный VAZ;1;200;Г3-04;13.05.2022;ИП Когтева Ольга Викторовна
VAG;8D0133843;ФИЛЬТРУЮЩИЙ ЭЛЕМЕНТ;1;1004.37;Г2-04;22.05.2023;АвтоЕвро
Goodwill;AG472CF;ФИЛЬТРЫ САЛОННЫЕ;1;531;Т1-04;08.09.2022;Emex
Wabco;8938000932;ФИТИНГ БЫСТРОСЪЕМНАЯ СОЕДИНИТ. ГОЛОВКА PUSHIN;2;495;Г2-06;27.03.2023;"ООО ""ТракМоторс"""
Hella;9EL141907071;Фонарь задн.внутр.на багажн.бел.Passat 93-97 L седан = 3А5945107 3A594;1;1940;T2-10;17.11.2016;"Зюзин М.А. м-н ""Ралли"""
Depo;1121935LU;ФОНАРЬ ЗАДНИЙ TOYOTA CAMRY 1114 ДИОДНЫЙ;1;4000;T2-11;10.12.2021;Автобаза управления делами Воронежской области
S&K;SK493001801;ФОНАРЬ ПОВОРОТА ЛЕВ|ПР;2;283.1;Э3-14;11.09.2023;ФА Логистик
Volvo;31301043;Форсунка омывателя Volvo;1;1735;Г2-04;30.11.2015;"ООО ""ABC-электро"""
Rexant;70200;ХОМУТ NYLON 3,6X200 ММ 100 ШТ БЕЛЫЙ REXANT;1;1;Стена трубки;29.10.2021;Автометиз
Lada;2,10102E+13;ЦИЛИНДР ВАЗ 2101  2107 СЦЕПЛЕНИЯ РАБОЧИЙ;1;620;Д1-04;09.10.2023;ИП Мясников  С.М
Metelli;40812;Цилиндр тормозной;1;624;Д1-04;15.06.2022;ИП Когтева Ольга Викторовна
Avtostandart;1,11804E+13;ЦИЛИНДР ТОРМОЗНОЙ ГЛАВНЫЙ 1118 КАЛИНА. 2170. 2123;1;1624;Д1-04;23.10.2023;ИП Мясников  С.М
Hyundai/KIA;552232B100;Шайба болта развального заднего Sportage;1;210.2;Г2-06;19.06.2023;Автоспутник (новый)
Renault;7701047649;ШАЙБА ПАТРУБКА РЕЗ;1;175;Г2-06;25.05.2023;Автоспутник (новый)
General Motors;96535010;ШАРИКОВЫЙ ПОДШИПНИК 40 ММ АМОРТИЗАТОРА ORG;2;512.29;Н1-02;18.10.2023;"ООО ""ФОРЕСТ"""
Zekkert;GS3935;ШАРНИРНЫЙ КОМПЛЕКТ;1;1861.76;шрусы;25.09.2023;"ООО ""ФОРЕСТ"""
UAZ;31622304019;ШКВОРНЯ ХАНТЕР АВТОГИДР С КЛЮЧОМБРОНЗОВЫЕ ВТУЛКИ;1;1658.66;Г2-04;11.05.2023;"ООО ""Паскер ЛТД"""
Jp Group;1114304300;ШЛАНГ РАДИАТОРА;1;240;Г2-10 КОР;28.06.2022;ИП Когтева Ольга Викторовна
Gates;21795;Шланг сист.охл.AUDI 80 1.3/1.4/1.5/1.6/1.6D/1.7/1.8/1.9/1.9D/2.0/2.1/2;1;122.05;Г2-10 КОР;30.05.2023;АвтоЕвро
General Motors;96536537;Шланг системы охлаждения;1;1027.62;Г2-09;14.06.2023;Автоспутник (новый)
Jp Group;1461600200;ШЛАНГ ТОРМОЗНОЙ;2;450;Д4-04;05.07.2023;Профит Лига
БРТ;8200958352R;ШЛАНГ ТОРМОЗНОЙ ПЕРЕДНИЙ LADA LARGUS  820095835;1;123;А2-01;18.09.2023;ИП Мясников  С.М
General Motors;96245311;ШРУС В СБОРЕ;1;3274.95;Г2-06;10.04.2023;АвтоЕвро
Just Drive;JCN0187;ШРУС ВНУТРЕННИЙ;1;1972.69;шрусы;18.09.2023;"ООО ""ДонАвто"""
Zekkert;GS4830;ШРУС ПЕРЕДНИЙ ЛЕВЫЙ НАРУЖНЫЙ;1;2056.44;Г2-09;24.04.2023;"ООО ""ФОРЕСТ"""
Heyner;162000;ЩЕТКА С/О 22 /56СМ ЭКСКЛЮЗИВ HEYNER;1;288.14;магазин;26.09.2023;Москворечье
Hyundai/KIA;983601G000;ЩЕТКА СТЕКЛООЧИСТИТЕЛЯ;1;1058;A5-15;09.10.2023;"ООО ""Автомир-Трейд"""
HC-Cargo;333657;ЩЁТКОДЕРЖАТЕЛЬ СТАРТЕРА;1;505.85;Э1-07;18.09.2023;"ООО ""ФОРЕСТ"""
