FortLuft;251203;251203 ПРУЖИНА;2;54;скл Н;08.11.2022;Emex
Victor Reinz;712747600;71-27476-00 Прокладка выпуск.коллектора AUDI/VW/SEAT 1.0-1.4 77-99;3;1;Прокл. Кор.1;30.06.2023;Инвентаризация
Felix;430130005;DOT 4 455 Г ТОРМОЗНАЯ ЖИДКОСТЬ Felix;1;71.11;скл Н;06.09.2019;ИП Баскаков И.Н.
VAG;5K0953569H;Elek.Modul;1;8900;скл Н;24.03.2016;Автолюкс-Шкода
Hyundai / KIA;92125J6015;K MOISTURE ABSORBENT;1;1100.85;скл Н;24.10.2022;"ООО ""СОКРАТ СПБ"""
Peugeot / Citroen;884780;RIEGEL;1;1686.81;скл Н;11.09.2017;Emex
APECS;DC2580;АВТОДЕТАЛЬ;1;1;скл Н;30.06.2023;Инвентаризация
Brembo;P240076;АВТОДЕТАЛЬ;2;1;скл Н;30.06.2023;Инвентаризация
Castrol;21897;АВТОДЕТАЛЬ;1;1;скл Н;30.06.2023;Инвентаризация
Castrol;P00B2B6;АВТОДЕТАЛЬ;1;1;скл Н;30.06.2023;Инвентаризация
Corteco;19019999;АВТОДЕТАЛЬ;1;1;скл Н;30.06.2023;Инвентаризация
Daewoo;NPII49;АВТОДЕТАЛЬ;1;1;скл Н;30.06.2023;Инвентаризация
Elring;1850;АВТОДЕТАЛЬ;1;1;Прокл. кор. 4;30.06.2023;Инвентаризация
EXIST;VOE956026;АВТОДЕТАЛЬ;8;1;скл Н;30.06.2023;Инвентаризация
Hyundai / KIA;0K20144410S;АВТОДЕТАЛЬ;1;1;скл Н;30.06.2023;Инвентаризация
Hyundai / KIA;8119024100;АВТОДЕТАЛЬ;1;1;скл Н;30.06.2023;Инвентаризация
Hyundai / KIA;597303J000;АВТОДЕТАЛЬ;1;1;скл Н;30.06.2023;Инвентаризация
Jp Group;26103547;АВТОДЕТАЛЬ;1;1;скл Н;30.06.2023;Инвентаризация
Kos;KOS229;АВТОДЕТАЛЬ;1;1;Прокл. кор. 8;30.06.2023;Инвентаризация
Kos;KOS451;АВТОДЕТАЛЬ;1;1;Прокл. кор. 8;30.06.2023;Инвентаризация
LYNX;9461;АВТОДЕТАЛЬ;1;1;скл Н;30.06.2023;Инвентаризация
Mahle / Knecht;29VA30529100;АВТОДЕТАЛЬ;1;1;скл Н;30.06.2023;Инвентаризация
Mahle / Knecht;OX377263112F000;АВТОДЕТАЛЬ;2;1;скл Н;30.06.2023;Инвентаризация
Daimler AG;A0007600361;АВТОДЕТАЛЬ;1;1;скл Н;30.06.2023;Инвентаризация
Mobil;152547;АВТОДЕТАЛЬ;3;1;скл Н;30.06.2023;Инвентаризация
Mobil;3000XE;АВТОДЕТАЛЬ;1;1;скл Н;30.06.2023;Инвентаризация
NAG;GAV052196H2;АВТОДЕТАЛЬ;1;1;скл Н;30.06.2023;Инвентаризация
Nissan;253605PAOC;АВТОДЕТАЛЬ;1;1;скл Н;30.06.2023;Инвентаризация
Sat;6N5821141A;АВТОДЕТАЛЬ;1;1;скл Н;30.06.2023;Инвентаризация
Shell;600030960;АВТОДЕТАЛЬ;1;1;скл Н;30.06.2023;Инвентаризация
Topran;205154;АВТОДЕТАЛЬ;1;1;скл Н;30.06.2023;Инвентаризация
Toyota;6712926060;АВТОДЕТАЛЬ;1;1;скл Н;30.06.2023;Инвентаризация
Toyota;6941626020;АВТОДЕТАЛЬ;1;1;скл Н;30.06.2023;Инвентаризация
Victor Reinz;712474030;АВТОДЕТАЛЬ;2;1;Прокл. Кор.1;30.06.2023;Инвентаризация
Victor Reinz;71129591;АВТОДЕТАЛЬ;2;1;скл Н;30.06.2023;Инвентаризация
Victor Reinz;712352210;АВТОДЕТАЛЬ;2;1;скл Н;30.06.2023;Инвентаризация
Victor Reinz;712460600;АВТОДЕТАЛЬ;1;1;скл Н;30.06.2023;Инвентаризация
Victor Reinz;712478710;АВТОДЕТАЛЬ;1;1;скл Н;30.06.2023;Инвентаризация
Тольяти;62225004;АВТОДЕТАЛЬ;1;1;скл Н;30.06.2023;Инвентаризация
UNKNOWN BRAND;15546165;АВТОДЕТАЛЬ;1;1;Прокл. кор. 8;30.06.2023;Инвентаризация
UNKNOWN BRAND;291839872;АВТОДЕТАЛЬ;1;1;скл Н;30.06.2023;Инвентаризация
UNKNOWN BRAND;291839935;АВТОДЕТАЛЬ;1;1;скл Н;30.06.2023;Инвентаризация
ZZVF;ZVCL239;АВТОПРИНАДЛЕЖНОСТЬ;1;1;скл Н;30.06.2023;Инвентаризация
VAG;N0138158;АВТОПРИНАДЛЕЖНОСТЬ;2;1;скл Н;13.06.2023;Инвентаризация
Jp Group;1191000200;Болт;1;1;скл Н;14.06.2023;Инвентаризация
Hyundai/KIA;527552G000;Болт Металлический;1;1;скл Н;13.06.2023;Инвентаризация
ZZVF;ZV749TY;Болт Развальный;2;270;скл Н;10.03.2022;АльтСервис
Febest;132004;Втулка;2;1;скл Н;30.06.2023;Инвентаризация
CARGO;140019;Втулка головки шатуна;1;1;скл Н;14.06.2023;Инвентаризация
Jp Group;311040001;Втулка КПП VAG;1;1;Прокл. кор. 8;30.06.2023;Инвентаризация
Febi;3168;ВТУЛКА МЕТАЛЛИЧЕСКАЯ;1;1;скл Н;13.06.2023;Инвентаризация
Ocap;1215688;Втулка Рычага;2;1;скл Н;30.06.2023;Инвентаризация
Febi;3544;ВТУЛКА САЙЛЕНТБЛОКА РЫЧАГА VW GOLF II;1;авг.31;скл Н;30.06.2017;АвтоРусь
Meyle;1004110022;ВТУЛКА СТАБИЛИЗАТОРА;1;1;скл Н;13.06.2023;Инвентаризация
Febi;12372;ВТУЛКА СТАБИЛИЗАТОРА;2;1;скл Н;30.06.2023;Инвентаризация
SWAG;60928282;Втулка стабилизатора;1;1;скл Н;30.06.2023;Инвентаризация
AMD;AMDSB129;ВТУЛКА СТАБИЛИЗАТОРА ПЕР. KIA SPECTRA ИЖ;1;50;Кор.8 Втулки;22.06.2022;ИП Когтева Ольга Викторовна
Ika;440210;Втулка стартера 11.07x13.6x14;1;1;скл Н;14.06.2023;Инвентаризация
TRW;711035;ВЫПУСКНОЙ КЛАПАН;1;1;скл Н;30.06.2023;Инвентаризация
Vector;901345CR;ГАЙКА КОЛЕСА М12Х1.5 КОНУС КЛ.21 H=35 ХРОМ.ПЛАСТ.ПОЯС HYUNDAI ВЕКТОР;1;35.43;скл Н;06.10.2020;Автометиз
Sampa;80322;Гайка, Шейка Оси;1;1;скл Н;30.06.2023;Инвентаризация
Ferroz;17039;Глушитель;2;1;скл Н;30.06.2023;Инвентаризация
Nakamoto;M180004;Датчик хода холостого Hyundai/Kia;1;1;скл Н;30.06.2023;Инвентаризация
Hyundai/KIA;S281132S000;Деталь;1;1;скл Н;22.06.2023;Инвентаризация
VAG;357121140;ЗАГЛУШКА;1;1;скл Н;13.06.2023;Инвентаризация
Jp Group;1114550310;Заглушка VAG;1;1;скл Н;14.06.2023;Инвентаризация
Ajusa;837700;Заглушка головки блока цилиндров;1;1;скл Н;14.06.2023;Инвентаризация
Renault;403150239R;ЗАГЛУШКА СТУПИЦЫ SILVERSTONE ПЛ;1;798.08;скл Н;03.10.2022;Формула-ВР
Malo;732021;ЗАГЛУШКА, ОСЬ КОРОМЫСЛАМОНТАЖНОЕ ОТВЕРСТИЕ;2;1;Прокл. кор. 10;30.06.2023;Инвентаризация
SWAG;60923204;Заглушки;1;1;Прокл. кор. 10;30.06.2023;Инвентаризация
BSG;03E105209;Звездочка коленвала Z-18;1;1;скл Н;13.06.2023;Инвентаризация
Ford;6559FZ;ИЗОЛЯТОР;1;1;скл Н;30.06.2023;Инвентаризация
Ford;6559FZ;ИЗОЛЯТОР;1;900;скл Н;12.04.2019;"ООО ""Ромавто"""
Matrix;50912;Инструмент Matrix;1;245;скл Н;17.01.2022;Автоспутник (новый)
AE;V94079;Клапан впуск.IN [39.4x7x92.1] [min 4];1;1;скл Н;30.06.2023;Инвентаризация
Mahle / Knecht;011VE30546000;Клапан впускной Opel 1.8-2.0;4;1;скл Н;30.06.2023;Инвентаризация
AE;V94080;Клапан выпуск.EX [32.8x7x91.2] [min 4];1;1;скл Н;30.06.2023;Инвентаризация
Chery;4801007012;Клапан Выпускной;1;1;скл Н;30.06.2023;Инвентаризация
TRW Engine;331130;Клапан выпускной;1;1;скл Н;30.06.2023;Инвентаризация
AE;V98035;Клапан Выпускной Грм;1;1;скл Н;30.06.2023;Инвентаризация
AE;V94647;Клапан двигателя;1;1;скл Н;30.06.2023;Инвентаризация
TRW;33125;Клапан двигателя впускной;1;1;скл Н;30.06.2023;Инвентаризация
Hans Price;100672546;Клапан двигателя выпускной;2;1;скл Н;30.06.2023;Инвентаризация
VAG;1H0867981;Клипса;1;90;скл Н;02.06.2022;ИП Когтева Ольга Викторовна
Ford;1857333;Кнопка открывания 5-ой двери FocII/C-Max;1;1;скл Н;30.06.2023;Инвентаризация
Lifan;LFB479Q1007018A;КОЛПАЧЕК МАСЛОСЪЕМНЫЙ LFB479Q1007018A LIFAN;1;14.16;Прокл. кор. 4;24.05.2018;Emex
Payen;PA528;Колпачок Маслосъемный;1;1;Прокл. кор. 4;30.06.2023;Инвентаризация
Victor Reinz;703303200;Колпачок Маслосъемный;1;1;Прокл. кор. 4;30.06.2023;Инвентаризация
Ajusa;12002600;Колпачок маслосъемный LAND-ROVER;8;1;Прокл. кор. 4;30.06.2023;Инвентаризация
Payen;PA567;Колпачок маслосъёмный;1;1;Прокл. кор. 4;30.06.2023;Инвентаризация
General Motors;55556547;КОЛЬЦО РЕЗИНОВОЕ;1;168.36;скл Н;08.11.2021;АвтоРусь
Victor Reinz;813853200;Кольцо Резиновое;1;1;Прокл. кор. 10;30.06.2023;Инвентаризация
Goetze;5035014000;Кольцо уплотнттельное 34,2x3;3;58.06;Прокл. кор. 8;25.04.2023;Профит Лига
Hans Pries;100054786;Кольцо Уплотняющее;1;1;Прокл. кор. 13;14.06.2023;Инвентаризация
Victor Reinz;813572100;Кольцо уплотняющее;1;1;Прокл. кор. 10;30.06.2023;Инвентаризация
Trusting;9060;Комплект пружин тормозного суппорта;2;1;скл Н;13.06.2023;Инвентаризация
Chery;A115300640;Корпус Фильтра Салона A115300640;1;1;скл Н;13.06.2023;Инвентаризация
Niisan;85271EA500;Крепление бамп;1;350;скл Н;04.03.2021;Зиновьев А.З.
Onnuri;GSPH040;Крепление глушителя;2;1;скл Н;14.06.2023;Инвентаризация
Land Rover;LR031739;Крышка форсунки;1;490;скл Н;06.02.2020;Соколаев Олег ЮЗ
Mobil;154279;МАСЛО МОТОРНОЕ 5W30  1Л СИНТЕТИКА MOBIL 1 FUEL ECONOMY ESP FORMULA;1;1;скл Н;30.06.2023;Инвентаризация
Filtron;OP5265;МАСЛЯНЫЙ ФИЛЬТР;1;1;скл Н;19.06.2023;Инвентаризация
TRW;SJ1112;НАБОР САЛЬНИКОВ ТОРМОЗНОГО ЦИЛИНДРА;1;1;скл Н;30.06.2023;Инвентаризация
Lex;HD3562;НАПРАВЛЯЮЩАЯ СДВИЖНОЙ ДВЕРИ;1;178.8;скл Н;13.05.2019;Emex
Hyundai / KIA;2443237100;Направляющая Цепи Грм;1;1;скл Н;30.06.2023;Инвентаризация
VAG;1U181970247H;Облицовка;1;1750;скл Н;29.01.2016;Интеравто г.Калач
Datsun;739405PA0A;ПOPУЧEHЬ ПP;1;115;A1-08;19.08.2022;"ООО ""ГлобалСистемз"""
General Motors;90305062;ПАТРУБОК ПЛАСТИКОВЫЙ;2;1;скл Н;30.06.2023;Инвентаризация
Lada;6001551356R;ПЕРЕКЛЮЧАТЕЛЬ ПОДРУЛЕВОЙ ПРАВ.;1;900;И2-03/Кор.;19.02.2019;Вялов Павел Владимирович
Hans Pries;104115755;Переключатель стеклоочистителя VWT4 91-95 701953519;1;550;скл Н;29.11.2016;"Зюзин М.А. м-н ""Ралли"""
Febi;8643;ПЕРЕХОДНИК ТРУБКИ ВАКУУМНОЙ MB VITOW638 | EW210;1;86;скл Н;09.08.2021;Москворечье
GM;96352873;Пластина прижимная;1;1;скл Н;13.06.2023;Инвентаризация
Hans Pries;107247546;Повторитель поворота A-4 4D0949127D;1;120;Э4-10;29.11.2016;"Зюзин М.А. м-н ""Ралли"""
Car-dex;CRD901;ПОДВЕСКА ГЛУШИТЕЛЯ ЗАДНЕГО;2;1;скл Н;14.06.2023;Инвентаризация
Hella;2KA004434031;Подсветка заднего номера  Opel Kadett E 1.7 D 17 DR  01/86-07/94 12241;1;900;скл Н;17.11.2016;"Зюзин М.А. м-н ""Ралли"""
INA;713001900;ПОДШИПНИК ОПОРЫ АМОРТИЗАТОРА OPEL ASTRA G | VECTRA B ПЕР.;1;97.97;скл Н;20.06.2022;Москворечье
NONAME;290284000;ПОДШИПНИК ОПОРЫ ПЕРЕДНЕЙ СТОЙКИ 1118 КАЛИНА2170 PR;1;386.1;скл Н;19.04.2022;"ООО ""Паскер ЛТД"""
Ntp;608F45820037;Подшипник передний AUDI 100;1;1;скл Н;14.06.2023;Инвентаризация
Hepu;P531;Помпа VW T2 86->92 Benzin (1.9);1;1;скл Н;30.06.2023;Инвентаризация
Febest;2976DIIIR;ПОРШЕНЬ СУППОРТА LAND ROVER DISCOVERY 05- ЗАД.;1;434;ИГ-14;16.04.2018;"ООО ""АВТО-СПУТНИК"""
General Motors;96190263;Провода;1;1;скл Н;30.06.2023;Инвентаризация
Fenox;IW73015;ПРОВОДА ЗАЖИГАНИЯ;1;1;скл Н;14.06.2023;Инвентаризация
Daewoo;96305387;ПРОВОДА СВЕЧНЫЕ ВЫСОКОВОЛЬТНЫЕ;1;1;скл Н;30.06.2023;Инвентаризация
Bosal;256215;Прокл глуш;1;1;скл Н/Стенд 4;14.06.2023;Инвентаризация
Victor Reinz;151301801;Прокл кл кр VAG;1;1;скл Н;30.06.2023;Инвентаризация
Victor Reinz;712789820;Прокл кол выпуск VAG;5;1;скл Н;30.06.2023;Инвентаризация
Elwis royal;8455524;Прокладка;1;1;Прокл. кор. 8;30.06.2023;Инвентаризация
Jp Group;1121102200;Прокладка (штанов) Audi-VW 1,6-1,8-2,0D-2,2-2,4D;1;1;скл Н;14.06.2023;Инвентаризация
Victor Reinz;702726710;Прокладка (штанов) BMW M40, M43 B16, B18;1;1;скл Н;14.06.2023;Инвентаризация
Hyundai / KIA;2841127000;Прокладка выпускного коллектора;1;1;скл Н;15.06.2023;Инвентаризация
Toyota;9091706046;Прокладка Выхлопной Трубы Металлическая;1;1;скл Н;14.06.2023;Инвентаризация
Onnuri;GGXH108;Прокладка Глушителя;1;1;скл Н;14.06.2023;Инвентаризация
Onnuri;GGXK081;Прокладка глушителя;1;1;скл Н;14.06.2023;Инвентаризация
P.M.C.;P1NC007;ПРОКЛАДКА ГЛУШИТЕЛЯ CHEVROLET LANOSAVEOEPICAREZZO;1;1;скл Н;14.06.2023;Инвентаризация
Parts-Mall;P1NA010;ПРОКЛАДКА ГЛУШИТЕЛЯ HYUNDAI ACCENT 95-;1;1;скл Н;14.06.2023;Инвентаризация
Полиуретан;33014081;ПРОКЛАДКА МАНЖЕТА КРЫШКИ КАНИСТРЫ ЭКСТРИМ С ЗАЛИВ;1;1;скл Н;30.06.2023;Инвентаризация
Bosal;256069;ПРОКЛАДКА ПРИЕМНОЙ ТРУБЫ МЕТАЛЛИЧЕСКАЯ;1;1;скл Н;13.06.2023;Инвентаризация
Porsche;99970711240;Прокладка Резиновая;1;1;скл Н;13.06.2023;Инвентаризация
Victor Reinz;712408310;ПРОКЛАДКА РЕЗИНОВАЯ;1;1;скл Н;30.06.2023;Инвентаризация
Onnuri;GGXH003;Прокладка резонатора;1;1;скл Н;14.06.2023;Инвентаризация
Jp Group;1121100500;Прокладка уплотнительная;1;1;скл Н;14.06.2023;Инвентаризация
Jp Group;1121201000;ПРОКЛАДКА, ТРУБА ВЫХЛОПНОГО ГАЗА;1;1;скл Н;14.06.2023;Инвентаризация
Walker;80140;Прокладка, труба выхлопного газа;1;1;скл Н;14.06.2023;Инвентаризация
Bosal;256063;Прокладки  Opel Ascona C 1.6i Sedan  09/86-10/88 0854936;1;1;скл Н;13.06.2023;Инвентаризация
KAYABA;RC2225;ПРУЖИНА ПОДВЕСКИ;2;1;скл Н;19.06.2023;Инвентаризация
Fiat / Alfa / Lancia;7735080;Пыльник вилки сцепления 7735080;1;600;скл Н;29.11.2016;"Зюзин М.А. м-н ""Ралли"""
Fixar;FM1015;ПЫЛЬНИК ШАРОВОЙ ОПОРЫ HYUNDAI TUCSON 2004-2010;1;117.6;скл Н;30.08.2021;Emex
InCar;RFRN16;РАМКА ПЕРЕХОДНАЯ NISSAN TERRANO 16;1;630.43;скл Н;01.02.2022;АвтоРусь
General Motors;96352407;РЕМЕНЬ ПРИВОДНОЙ ЗУБЧАТЫЙ;1;1;скл Н;13.06.2023;Инвентаризация
Patron;PSRK010KOR;РЕМКОМПЛЕКТ КРЕПЛЕНИЯ ТОРМОЗНЫХ КОЛОДОК;1;1;скл Н;30.06.2023;Инвентаризация
Daewoo;96350550;РОЛИК НАТЯЖИТЕЛЯ;1;3000;скл Н;03.05.2022;ИП Когтева Ольга Викторовна
Toyota;6162112420;Ручка открыв багажника Toyota  LEVIN/TRUENO  4AFE 1600CC 16-VALVE DOHC;1;1300;скл Н;29.11.2016;"Зюзин М.А. м-н ""Ралли"""
Febi;22865;Рычаг Подвески;1;1;скл Н;30.06.2023;Инвентаризация
Febi;21850;С-блок пер рыч передн Peugeot 307-Citroen C4 00-;1;1;скл Н;30.06.2023;Инвентаризация
Febi;26304;С/блок пер рычага Renault;2;1;скл Н;30.06.2023;Инвентаризация
Febest;HYABGER;САЙЛЕНБЛОК ЗАДНЕЙ БАЛКИ HYUNDAI GETZ 2002-2011;1;580;C3-07;22.06.2022;ИП Когтева Ольга Викторовна
Delphi;TD316W;САЙЛЕНТБЛОК;2;1;скл Н;30.06.2023;Инвентаризация
TRW;JBU761;Сайлентблок;1;1;скл Н;30.06.2023;Инвентаризация
Car-dex;CBH088;Сайлентблок Переднего Нижнего Рычага Маленький;1;1;скл Н;30.06.2023;Инвентаризация
Victor Reinz;812624900;САЛЬНИК;1;1;Прокл. кор. 10;30.06.2023;Инвентаризация
Kos;KOS020;Сальник;1;1;Прокл. кор. 8;30.06.2023;Инвентаризация
Mitsubishi;MD377999;САЛЬНИК;1;350;скл Н;27.04.2023;АвтоРусь
AMD;AMDSG239;САЛЬНИК;1;1;скл Н;30.06.2023;Инвентаризация
Febest;95HBY50731118L;САЛЬНИК;1;1;Прокл. кор. 10;30.06.2023;Инвентаризация
Meyle;9995980101;Сальник;3;1;Прокл. кор. 8;30.06.2023;Инвентаризация
Elwis royal;8026539;Сальник;1;1;Прокл. кор. 8;30.06.2023;Инвентаризация
Ford;6027025;САЛЬНИК;1;1;Прокл. кор. 8;30.06.2023;Инвентаризация
CARGO;132319;Сальник генератора;4;1;Прокл. кор. 8;30.06.2023;Инвентаризация
Zki;11445;Сальник дифференциала;2;1;Прокл. кор. 8;30.06.2023;Инвентаризация
Dello;190035710;САЛЬНИК ЗАДНЕЙ СТУПИЦЫ VAG, DELLO;2;1;скл Н;13.06.2023;Инвентаризация
Glaser;N9200500;Сальник клапана;15;1;Прокл. кор. 4;30.06.2023;Инвентаризация
LYNX;SO0111;Сальник коленчатого вала;1;1;скл Н;14.06.2023;Инвентаризация
Victor Reinz;705359300;Сальники клапанов;1;1;Прокл. кор. 4;30.06.2023;Инвентаризация
FAW;2402091D;САТЕЛЛИТ FAW;1;342.6;скл Н;15.03.2019;Emex
ЛЭТЗ;C306D;Сигнал;1;460.11;скл Н;21.12.2017;АвтоСпарк
Toyota;6941826010;СТОПОР;1;1;скл Н;30.06.2023;Инвентаризация
Febi;3161;Сухари клапана;1;25;скл Н;03.06.2022;ИП Когтева Ольга Викторовна
Delphi;LH6805;ТОРМОЗНОЙ ШЛАНГ;1;1;скл Н;30.06.2023;Инвентаризация
Tucker Rocky;66001;Трос;1;1158;тросСерПрав;28.01.2016;"ООО ""СКИФ"""
Mercedes-Benz;A1707900159;Трос / Zb Seilzug;1;2284.49;тросСерПрав;28.09.2015;Emex
Gemo;435021;Трос газа;2;400;тросСерПрав;09.03.2020;Болотов ИП Самушев
Gemo;434826;Трос газа;1;400;тросСерПрав;09.03.2020;Болотов ИП Самушев
Gemo;434975;Трос газа;1;400;тросСерПрав;09.03.2020;Болотов ИП Самушев
Gemo;434973;Трос газа;2;400;тросСерПрав;09.03.2020;Болотов ИП Самушев
Gemo;434810;Трос газа;1;400;тросСерПрав;09.03.2020;Болотов ИП Самушев
Gemo;435022;ТРОС ГАЗА GOLF3;1;400;тросСерПрав;09.03.2020;Болотов ИП Самушев
Gemo;435023;ТРОС ГАЗА GOLF3 1.8 95-02;1;400;тросСерПрав;09.03.2020;Болотов ИП Самушев
Linex;90161;ТРОС Р/Т ПЕРЕДНИЙ PSA DUCATO 250 06 , BOXER БУ;1;700;скл Н;02.09.2019;"ООО ""Ромавто"""
Delta;10747;Трос руч тормоза;2;183.38;тросСерПрав;;
VAG;893609721F;Трос стояночного тормоза;1;1;скл Н;14.06.2023;Инвентаризация
Parts-Mall;PTA258;ТРОС СТОЯНОЧНОГО ТОРМОЗА HYUNDAI GRAND STAREXTQ;1;1559;тросСерПрав;22.08.2022;ФА Логистик
Nissan;27155JN30B;Тяга;1;350;скл Н;21.12.2015;Шевляков Юрий
NONAME;11186207028;УПЛОТНИТЕЛЬ ДВЕРИ 1118 КАЛИНА 2190 GRANTA КАЛИНА;1;607.5;скл Н;06.08.2021;"ООО ""Паскер ЛТД"""
FA1;791953;Уплотнительное Кольцо, Труба Выхлопного Газа;1;1;скл Н;13.06.2023;Инвентаризация
SWAG;70912106;УПЛОТНЯЮЩЕЕ КОЛЬЦО ВАЛА, ФЛАНЕЦ СТУПЕНЧАТОЙ КОРОБ;1;1;Прокл. кор. 8;30.06.2023;Инвентаризация
Victor Reinz;813434400;УПЛОТНЯЮЩЕЕ КОЛЬЦО КОЛЕНЧАТЫЙ ВАЛ;2;1;Прокл. кор. 10;30.06.2023;Инвентаризация
Leader Plus;TVAZ44A;ФАРКОП ДЛЯ LADA VESTA SW CROSS 2017С ЭЛЕКТРИКО;1;1;Г2-01;15.06.2023;Инвентаризация
General Motors;96257992;Фиксатор;1;233;скл Н;01.01.2017;Евроавто магазин поступление
Ford;1315687;ФИЛЬТР ВОЗДУШНЫЙ;1;1;скл Н;30.06.2023;Инвентаризация
Hyundai/KIA;281131R100;ФИЛЬТР ВОЗДУШНЫЙ;1;1;скл Н;19.06.2023;Инвентаризация
Hyundai/KIA;971332H001;ФИЛЬТР ВОЗДУШНЫЙ;1;268.65;скл Н;06.08.2018;"ООО ""Ринг Авто"""
Hyundai/KIA;971332H001;ФИЛЬТР ВОЗДУШНЫЙ;1;268.65;скл Н;07.08.2018;"ООО ""Ринг Авто"""
Renault;165469466R;ФИЛЬТР ВОЗДУШНЫЙ;1;1;скл Н;22.06.2023;Инвентаризация
Nipparts;N1320532;ФИЛЬТР ВОЗДУШНЫЙ;1;1;скл Н;22.06.2023;Инвентаризация
Nipparts;N1321090;ФИЛЬТР ВОЗДУШНЫЙ;1;1;скл Н;22.06.2023;Инвентаризация
AUTO BEST;SF103E;ФИЛЬТР ВОЗДУШНЫЙ;1;1;скл Н;22.06.2023;Инвентаризация
Japan Cars;B15006JC;Фильтр масляный;2;1;скл Н;19.06.2023;Инвентаризация
Mahle / Knecht;OC47;ФИЛЬТР МАСЛЯНЫЙ;1;1;скл Н;19.06.2023;Инвентаризация
Toyota;04152YZZA6;ФИЛЬТР МАСЛЯНЫЙ;2;492;скл Н;10.04.2023;Emex
Mahle / Knecht;OX418D;Фильтр Масляный;1;1;скл Н;13.06.2023;Инвентаризация
Mahle / Knecht;OX418D;Фильтр Масляный;1;1;скл Н;30.06.2023;Инвентаризация
VAG;03C115561H;ФИЛЬТР МАСЛЯНЫЙ;1;1;Г1-05;19.06.2023;Инвентаризация
Bosch;F026407024;ФИЛЬТР МАСЛЯНЫЙ;1;1;скл Н;19.06.2023;Инвентаризация
Filtron;OP6412;ФИЛЬТР МАСЛЯНЫЙ;1;1;скл Н;19.06.2023;Инвентаризация
Kitto;C225;ФИЛЬТР МАСЛЯНЫЙ;1;820;Г3-06;06.04.2022;Основной покупатель
Kitto;C415;Фильтр масляный;6;1;скл Н;14.06.2023;Инвентаризация
Kitto;C932;ФИЛЬТР МАСЛЯНЫЙ;1;1;скл Н;14.06.2023;Инвентаризация
Champion;C170606;Фильтр Масляный;1;1;скл Н;13.06.2023;Инвентаризация
General Motors;650401;Фильтр Масляный;1;1;скл Н;14.06.2023;Инвентаризация
Mann;HU7197X;ФИЛЬТР МАСЛЯНЫЙ;1;1;скл Н;15.06.2023;Инвентаризация
Japan Parts;JFO103112;Фильтр масляный;1;1;скл Н;13.06.2023;Инвентаризация
Mahle / Knecht;OX1271D;ФИЛЬТР МАСЛЯНЫЙ BMW E36 | E34 | E46 1.6 | 1.8;1;1;скл Н;13.06.2023;Инвентаризация
Mann;W9142;ФИЛЬТР МАСЛЯНЫЙ LADA 08-112 | FORD SIERRA | SCORPIO 2.0-2.9 83-94;1;249.6;скл Н;03.11.2020;Москворечье
RB-exide;AC0522E;Фильтр салон;1;1;скл Н;22.06.2023;Инвентаризация
Fortech;FS134;ФИЛЬТР САЛОННЫЙ ВОЛЬВО;1;1;скл Н;22.06.2023;Инвентаризация
Japan Cars;B32026JC;Фильтр топл;1;1;скл Н;19.06.2023;Инвентаризация
Kitto;F507;ФИЛЬТР ТОПЛИВНЫЙ;2;1;скл Н;19.06.2023;Инвентаризация
Auto-GUR;NVIMR552781;Фильтр топливный;1;1;скл Н;12.06.2023;Инвентаризация
Nipparts;J1332060;Фильтр топливный;1;1;скл Н;15.06.2023;Инвентаризация
JS Asakashi;FC9301;Фильтр топливный;1;1;скл Н;15.06.2023;Инвентаризация
Champion;CFF100582;Фильтр топливный;1;1;скл Н;12.06.2023;Инвентаризация
Big Filter;GB6443EC;ФИЛЬТР ТОПЛИВНЫЙ;1;1;скл Н;19.06.2023;Инвентаризация
Mecafilter;ELG5287;Фильтр топливный;1;1;скл Н;15.06.2023;Инвентаризация
AMD;AMDFF141;Фильтр топливный Ssang Yong;2;1;скл Н;19.06.2023;Инвентаризация
Japan Cars;B32068PR;Фильтр топливный сепаратор;1;1;скл Н;15.06.2023;Инвентаризация
Bosal;250945;ХОМУТ M8X45;1;132.77;скл Н;08.03.2022;АвтоЕвро
Ford;F77Z6268BC;ЦЕПЬ БАЛАНСИРОВОЧНОГО  ВАЛА;1;2583.61;скл Н;23.05.2018;Emex
Febi;29140;Шайба форсунки Mercedes;4;1;скл Н;13.06.2023;Инвентаризация
Asva;PG12;Шарнирный комплект приводного вала;1;1;скл Н;14.06.2023;Инвентаризация
BGA;03E109571B;Шестерня вала распределительного;2;1;скл Н;13.06.2023;Инвентаризация
Brembo;T44033;ШЛАНГОПРОВОД;1;1;скл Н;30.06.2023;Инвентаризация
Ruville;75455S;Шрус;1;1;скл Н;14.06.2023;Инвентаризация
Hans Pries;103232546;Штуцер тормоз 7x29 M6x1;1;1;скл Н;13.06.2023;Инвентаризация
